,YEAR,STATE_id,STATE,POPULATION
0,1990,AL,Alabama,4050055
1,1991,AL,Alabama,4099156
2,1992,AL,Alabama,4154014
3,1993,AL,Alabama,4214202
4,1994,AL,Alabama,4260229
5,1995,AL,Alabama,4296800
6,1996,AL,Alabama,4331102
7,1997,AL,Alabama,4367935
8,1998,AL,Alabama,4404701
9,1999,AL,Alabama,4430141
10,1990,AL,Alaska,553290
11,1991,AL,Alaska,570193
12,1992,AL,Alaska,588736
13,1993,AL,Alaska,599432
14,1994,AL,Alaska,603308
15,1995,AL,Alaska,604412
16,1996,AL,Alaska,608569
17,1997,AL,Alaska,612968
18,1998,AL,Alaska,619932
19,1999,AL,Alaska,624779
20,1990,AZ,Arizona,3684097
21,1991,AZ,Arizona,3788576
22,1992,AZ,Arizona,3915740
23,1993,AZ,Arizona,4065440
24,1994,AZ,Arizona,4245089
25,1995,AZ,Arizona,4432499
26,1996,AZ,Arizona,4586940
27,1997,AZ,Arizona,4736990
28,1998,AZ,Arizona,4883342
29,1999,AZ,Arizona,5023823
30,1990,AR,Arkansas,2356586
31,1991,AR,Arkansas,2383144
32,1992,AR,Arkansas,2415984
33,1993,AR,Arkansas,2456303
34,1994,AR,Arkansas,2494019
35,1995,AR,Arkansas,2535399
36,1996,AR,Arkansas,2572109
37,1997,AR,Arkansas,2601090
38,1998,AR,Arkansas,2626289
39,1999,AR,Arkansas,2651860
40,1990,CA,California,29959515
41,1991,CA,California,30470736
42,1992,CA,California,30974659
43,1993,CA,California,31274928
44,1994,CA,California,31484435
45,1995,CA,California,31696582
46,1996,CA,California,32018834
47,1997,CA,California,32486010
48,1998,CA,California,32987675
49,1999,CA,California,33499204
50,1990,CO,Colorado,3307618
51,1991,CO,Colorado,3387119
52,1992,CO,Colorado,3495939
53,1993,CO,Colorado,3613734
54,1994,CO,Colorado,3724168
55,1995,CO,Colorado,3826653
56,1996,CO,Colorado,3919972
57,1997,CO,Colorado,4018293
58,1998,CO,Colorado,4116639
59,1999,CO,Colorado,4226018
60,1990,CT,Connecticut,3307618
61,1991,CT,Connecticut,3387119
62,1992,CT,Connecticut,3495939
63,1993,CT,Connecticut,3613734
64,1994,CT,Connecticut,3724168
65,1995,CT,Connecticut,3826653
66,1996,CT,Connecticut,3919972
67,1997,CT,Connecticut,4018293
68,1998,CT,Connecticut,4116639
69,1999,CT,Connecticut,4226018
70,1990,DE,Delaware,669567
71,1991,DE,Delaware,683080
72,1992,DE,Delaware,694925
73,1993,DE,Delaware,706378
74,1994,DE,Delaware,717545
75,1995,DE,Delaware,729734
76,1996,DE,Delaware,740977
77,1997,DE,Delaware,751487
78,1998,DE,Delaware,763335
79,1999,DE,Delaware,774990
80,1990,D.C,DC,605321
81,1991,D.C,DC,600870
82,1992,D.C,DC,597565
83,1993,D.C,DC,595301
84,1994,D.C,DC,589239
85,1995,D.C,DC,580517
86,1996,D.C,DC,572377
87,1997,D.C,DC,567736
88,1998,D.C,DC,565230
89,1999,D.C,DC,570213
90,1990,FL,Florida,13033307
91,1991,FL,Florida,13369798
92,1992,FL,Florida,13650553
93,1993,FL,Florida,13927185
94,1994,FL,Florida,14239444
95,1995,FL,Florida,14537875
96,1996,FL,Florida,14853360
97,1997,FL,Florida,15186304
98,1998,FL,Florida,15486559
99,1999,FL,Florida,15759421
100,1990,GA,Georgia,6512602
101,1991,GA,Georgia,6653005
102,1992,GA,Georgia,6817203
103,1993,GA,Georgia,6978240
104,1994,GA,Georgia,7157165
105,1995,GA,Georgia,7328413
106,1996,GA,Georgia,7501069
107,1997,GA,Georgia,7685099
108,1998,GA,Georgia,7863536
109,1999,GA,Georgia,8045965
110,1990,HI,Hawaii,1113491
111,1991,HI,Hawaii,1136754
112,1992,HI,Hawaii,1158613
113,1993,HI,Hawaii,1172838
114,1994,HI,Hawaii,1187536
115,1995,HI,Hawaii,1196854
116,1996,HI,Hawaii,1203755
117,1997,HI,Hawaii,1211640
118,1998,HI,Hawaii,1215233
119,1999,HI,Hawaii,1210300
120,1990,ID,Idaho,1012384
121,1991,ID,Idaho,1041316
122,1992,ID,Idaho,1071685
123,1993,ID,Idaho,1108768
124,1994,ID,Idaho,1145140
125,1995,ID,Idaho,1177322
126,1996,ID,Idaho,1203083
127,1997,ID,Idaho,1228520
128,1998,ID,Idaho,1252330
129,1999,ID,Idaho,1275674
130,1990,IL,illinois,11453316
131,1991,IL,illinois,11568964
132,1992,IL,illinois,11694184
133,1993,IL,illinois,11809579
134,1994,IL,illinois,11912585
135,1995,IL,illinois,12008437
136,1996,IL,illinois,12101997
137,1997,IL,illinois,12185715
138,1998,IL,illinois,12271847
139,1999,IL,illinois,12359020
140,1990,IN,Indiana,5557798
141,1991,IN,Indiana,5616388
142,1992,IN,Indiana,5674547
143,1993,IN,Indiana,5739019
144,1994,IN,Indiana,5793526
145,1995,IN,Indiana,5851459
146,1996,IN,Indiana,5906013
147,1997,IN,Indiana,5955267
148,1998,IN,Indiana,5998880
149,1999,IN,Indiana,6044969
150,1990,IA,Iowa,2781018
151,1991,IA,Iowa,2797613
152,1992,IA,Iowa,2818401
153,1993,IA,Iowa,2836972
154,1994,IA,Iowa,2850746
155,1995,IA,Iowa,2867373
156,1996,IA,Iowa,2880000
157,1997,IA,Iowa,2891119
158,1998,IA,Iowa,2902872
159,1999,IA,Iowa,2917634
160,1990,KS,Kansas,2481349
161,1991,KS,Kansas,2498722
162,1992,KS,Kansas,2532394
163,1993,KS,Kansas,2556547
164,1994,KS,Kansas,2580513
165,1995,KS,Kansas,2601007
166,1996,KS,Kansas,2614554
167,1997,KS,Kansas,2635292
168,1998,KS,Kansas,2660598
169,1999,KS,Kansas,2678338
170,1990,KY,Kentucky,3694048
171,1991,KY,Kentucky,3722328
172,1992,KY,Kentucky,3765469
173,1993,KY,Kentucky,3812206
174,1994,KY,Kentucky,3849088
175,1995,KY,Kentucky,3887427
176,1996,KY,Kentucky,3919535
177,1997,KY,Kentucky,3952747
178,1998,KY,Kentucky,3985390
179,1999,KY,Kentucky,4018053
180,1990,LA,Louisiana,4221532
181,1991,LA,Louisiana,4253279
182,1992,LA,Louisiana,4293003
183,1993,LA,Louisiana,4316428
184,1994,LA,Louisiana,4347481
185,1995,LA,Louisiana,4378779
186,1996,LA,Louisiana,4398877
187,1997,LA,Louisiana,4421071
188,1998,LA,Louisiana,4440344
189,1999,LA,Louisiana,4460811
190,1990,ME,Maine,1231719
191,1991,ME,Maine,1237081
192,1992,ME,Maine,1238508
193,1993,ME,Maine,1242302
194,1994,ME,Maine,1242662
195,1995,ME,Maine,1243480
196,1996,ME,Maine,1249060
197,1997,ME,Maine,1254774
198,1998,ME,Maine,1259127
199,1999,ME,Maine,1266808
200,1990,MD,Maryland,4799770
201,1991,MD,Maryland,4867641
202,1992,MD,Maryland,4923368
203,1993,MD,Maryland,4971889
204,1994,MD,Maryland,5023060
205,1995,MD,Maryland,5070033
206,1996,MD,Maryland,5111986
207,1997,MD,Maryland,5157328
208,1998,MD,Maryland,5204464
209,1999,MD,Maryland,5254509
210,1990,MA,Massachusetts,6022639
211,1991,MA,Massachusetts,6018470
212,1992,MA,Massachusetts,6028709
213,1993,MA,Massachusetts,6060569
214,1994,MA,Massachusetts,6095241
215,1995,MA,Massachusetts,6141445
216,1996,MA,Massachusetts,6179756
217,1997,MA,Massachusetts,6226058
218,1998,MA,Massachusetts,6271838
219,1999,MA,Massachusetts,6317345
220,1990,MI,Michigan,9311319
221,1991,MI,Michigan,9400446
222,1992,MI,Michigan,9479065
223,1993,MI,Michigan,9540114
224,1994,MI,Michigan,9597737
225,1995,MI,Michigan,9676211
226,1996,MI,Michigan,9758645
227,1997,MI,Michigan,9809051
228,1998,MI,Michigan,9847942
229,1999,MI,Michigan,9897116
230,1990,MN,Minnesota,4389857
231,1991,MN,Minnesota,4440859
232,1992,MN,Minnesota,4495572
233,1993,MN,Minnesota,4555954
234,1994,MN,Minnesota,4610355
235,1995,MN,Minnesota,4660180
236,1996,MN,Minnesota,4712827
237,1997,MN,Minnesota,4763390
238,1998,MN,Minnesota,4813412
239,1999,MN,Minnesota,4873481
240,1990,MS,Mississippi,2578897
241,1991,MS,Mississippi,2598733
242,1992,MS,Mississippi,2623734
243,1993,MS,Mississippi,2655100
244,1994,MS,Mississippi,2688992
245,1995,MS,Mississippi,2722659
246,1996,MS,Mississippi,2748085
247,1997,MS,Mississippi,2777004
248,1998,MS,Mississippi,2804834
249,1999,MS,Mississippi,2828408
250,1990,MO,Missouri,5128880
251,1991,MO,Missouri,5170800
252,1992,MO,Missouri,5217101
253,1993,MO,Missouri,5271175
254,1994,MO,Missouri,5324497
255,1995,MO,Missouri,5378247
256,1996,MO,Missouri,5431553
257,1997,MO,Missouri,5481193
258,1998,MO,Missouri,5521765
259,1999,MO,Missouri,5561948
260,1990,MT,Montana,800204
261,1991,MT,Montana,809680
262,1992,MT,Montana,825770
263,1993,MT,Montana,844761
264,1994,MT,Montana,861306
265,1995,MT,Montana,876553
266,1996,MT,Montana,886254
267,1997,MT,Montana,889865
268,1998,MT,Montana,892431
269,1999,MT,Montana,897507
270,1990,NE,Nebraska,1581660
271,1991,NE,Nebraska,1595919
272,1992,NE,Nebraska,1611687
273,1993,NE,Nebraska,1625590
274,1994,NE,Nebraska,1639041
275,1995,NE,Nebraska,1656992
276,1996,NE,Nebraska,1673740
277,1997,NE,Nebraska,1686418
278,1998,NE,Nebraska,1695816
279,1999,NE,Nebraska,1704764
280,1990,NV,Nevada,1220695
281,1991,NV,Nevada,1296171
282,1992,NV,Nevada,1351367
283,1993,NV,Nevada,1411215
284,1994,NV,Nevada,1499298
285,1995,NV,Nevada,1581578
286,1996,NV,Nevada,1666320
287,1997,NV,Nevada,1764104
288,1998,NV,Nevada,1853191
289,1999,NV,Nevada,1934718
290,1990,NH,New Hampshire,1112384
291,1991,NH,New Hampshire,1109929
292,1992,NH,New Hampshire,1117784
293,1993,NH,New Hampshire,1129458
294,1994,NH,New Hampshire,1142560
295,1995,NH,New Hampshire,1157561
296,1996,NH,New Hampshire,1174719
297,1997,NH,New Hampshire,1189425
298,1998,NH,New Hampshire,1205940
299,1999,NH,New Hampshire,1222014
300,1990,NJ,New Jersey,7762963
301,1991,NJ,New Jersey,7814676
302,1992,NJ,New Jersey,7880508
303,1993,NJ,New Jersey,7948915
304,1994,NJ,New Jersey,8014306
305,1995,NJ,New Jersey,8083242
306,1996,NJ,New Jersey,8149596
307,1997,NJ,New Jersey,8218808
308,1998,NJ,New Jersey,8287418
309,1999,NJ,New Jersey,8359592
310,1990,NM,New Mexico,1521574
311,1991,NM,New Mexico,1555305
312,1992,NM,New Mexico,1595442
313,1993,NM,New Mexico,1636453
314,1994,NM,New Mexico,1682398
315,1995,NM,New Mexico,1720394
316,1996,NM,New Mexico,1752326
317,1997,NM,New Mexico,1774839
318,1998,NM,New Mexico,1793484
319,1999,NM,New Mexico,1808082
320,1990,NY,New York,18020784
321,1991,NY,New York,18122510
322,1992,NY,New York,18246653
323,1993,NY,New York,18374954
324,1994,NY,New York,18459470
325,1995,NY,New York,18524104
326,1996,NY,New York,18588460
327,1997,NY,New York,18656546
328,1998,NY,New York,18755906
329,1999,NY,New York,18882725
330,1990,NC,Northe Carolina,6664016
331,1991,NC,Northe Carolina,6784280
332,1992,NC,Northe Carolina,6897214
333,1993,NC,Northe Carolina,7042818
334,1994,NC,Northe Carolina,7187398
335,1995,NC,Northe Carolina,7344674
336,1996,NC,Northe Carolina,7500670
337,1997,NC,Northe Carolina,7656825
338,1998,NC,Northe Carolina,7809121
339,1999,NC,Northe Carolina,7949361
340,1990,ND,North Dakota,637685
341,1991,ND,North Dakota,635753
342,1992,ND,North Dakota,638223
343,1993,ND,North Dakota,641216
344,1994,ND,North Dakota,644804
345,1995,ND,North Dakota,647832
346,1996,ND,North Dakota,650382
347,1997,ND,North Dakota,649716
348,1998,ND,North Dakota,647532
349,1999,ND,North Dakota,644259
350,1990,OH,Ohio,10864162
351,1991,OH,Ohio,10945762
352,1992,OH,Ohio,11029431
353,1993,OH,Ohio,11101140
354,1994,OH,Ohio,11152454
355,1995,OH,Ohio,11202751
356,1996,OH,Ohio,11242827
357,1997,OH,Ohio,11277357
358,1998,OH,Ohio,11311536
359,1999,OH,Ohio,11335454
360,1990,OK,Oklahoma,3148825
361,1991,OK,Oklahoma,3175440
362,1992,OK,Oklahoma,3220517
363,1993,OK,Oklahoma,3252285
364,1994,OK,Oklahoma,3280940
365,1995,OK,Oklahoma,3308208
366,1996,OK,Oklahoma,3340129
367,1997,OK,Oklahoma,3372917
368,1998,OK,Oklahoma,3405194
369,1999,OK,Oklahoma,3437147
370,1990,OR,Oregon,2860375
371,1991,OR,Oregon,2928507
372,1992,OR,Oregon,2991755
373,1993,OR,Oregon,3060367
374,1994,OR,Oregon,3121264
375,1995,OR,Oregon,3184369
376,1996,OR,Oregon,3247111
377,1997,OR,Oregon,3304310
378,1998,OR,Oregon,3352449
379,1999,OR,Oregon,3393941
380,1990,PA,Pennsylvania,11903299
381,1991,PA,Pennsylvania,11982164
382,1992,PA,Pennsylvania,12049450
383,1993,PA,Pennsylvania,12119724
384,1994,PA,Pennsylvania,12166050
385,1995,PA,Pennsylvania,12198403
386,1996,PA,Pennsylvania,12220464
387,1997,PA,Pennsylvania,12227814
388,1998,PA,Pennsylvania,12245672
389,1999,PA,Pennsylvania,12263805
390,1990,RI,Rhode Island,1005995
391,1991,RI,Rhode Island,1010649
392,1992,RI,Rhode Island,1012581
393,1993,RI,Rhode Island,1015112
394,1994,RI,Rhode Island,1015960
395,1995,RI,Rhode Island,1017002
396,1996,RI,Rhode Island,1020893
397,1997,RI,Rhode Island,1025353
398,1998,RI,Rhode Island,1031155
399,1999,RI,Rhode Island,1040402
400,1990,SC,South Carolina,3501155
401,1991,SC,South Carolina,3570404
402,1992,SC,South Carolina,3620464
403,1993,SC,South Carolina,3663314
404,1994,SC,South Carolina,3705397
405,1995,SC,South Carolina,3748582
406,1996,SC,South Carolina,3796200
407,1997,SC,South Carolina,3859696
408,1998,SC,South Carolina,3919235
409,1999,SC,South Carolina,3974682
410,1990,SD,South Dakota,697101
411,1991,SD,South Dakota,703669
412,1992,SD,South Dakota,712801
413,1993,SD,South Dakota,722159
414,1994,SD,South Dakota,730790
415,1995,SD,South Dakota,737925
416,1996,SD,South Dakota,742213
417,1997,SD,South Dakota,744223
418,1998,SD,South Dakota,746058
419,1999,SD,South Dakota,750412
420,1990,TN,Tennesse,4894492
421,1991,TN,Tennesse,4966587
422,1992,TN,Tennesse,5049742
423,1993,TN,Tennesse,5137584
424,1994,TN,Tennesse,5231438
425,1995,TN,Tennesse,5326936
426,1996,TN,Tennesse,5416643
427,1997,TN,Tennesse,5499233
428,1998,TN,Tennesse,5570045
429,1999,TN,Tennesse,5638706
430,1990,TX,Texas,17056755
431,1991,TX,Texas,17398005
432,1992,TX,Texas,17759738
433,1993,TX,Texas,18161612
434,1994,TX,Texas,18564062
435,1995,TX,Texas,18958751
436,1996,TX,Texas,19340342
437,1997,TX,Texas,19740317
438,1998,TX,Texas,20157531
439,1999,TX,Texas,20558220
440,1990,UT,Utah,1731223
441,1991,UT,Utah,1779780
442,1992,UT,Utah,1836799
443,1993,UT,Utah,1898404
444,1994,UT,Utah,1960446
445,1995,UT,Utah,2014177
446,1996,UT,Utah,2067976
447,1997,UT,Utah,2119784
448,1998,UT,Utah,2165960
449,1999,UT,Utah,2203482
450,1990,VT,Vermont,564798
451,1991,VT,Vermont,568606
452,1992,VT,Vermont,572751
453,1993,VT,Vermont,577748
454,1994,VT,Vermont,583836
455,1995,VT,Vermont,589002
456,1996,VT,Vermont,593701
457,1997,VT,Vermont,597239
458,1998,VT,Vermont,600416
459,1999,VT,Vermont,604683
460,1990,VA,Virginia,6216884
461,1991,VA,Virginia,6301217
462,1992,VA,Virginia,6414307
463,1993,VA,Virginia,6509630
464,1994,VA,Virginia,6593139
465,1995,VA,Virginia,6670693
466,1996,VA,Virginia,6750884
467,1997,VA,Virginia,6829183
468,1998,VA,Virginia,6900918
469,1999,VA,Virginia,7000174
470,1990,WA,Washington,4903043
471,1991,WA,Washington,5025624
472,1992,WA,Washington,5160757
473,1993,WA,Washington,5278842
474,1994,WA,Washington,5375161
475,1995,WA,Washington,5481027
476,1996,WA,Washington,5569753
477,1997,WA,Washington,5674747
478,1998,WA,Washington,5769562
479,1999,WA,Washington,5842564
480,1990,WV,West Virginia,1792548
481,1991,WV,West Virginia,1798735
482,1992,WV,West Virginia,1806451
483,1993,WV,West Virginia,1817539
484,1994,WV,West Virginia,1820421
485,1995,WV,West Virginia,1823700
486,1996,WV,West Virginia,1822808
487,1997,WV,West Virginia,1819113
488,1998,WV,West Virginia,1815609
489,1999,WV,West Virginia,1811799
490,1990,WI,Wisconsin,4904562
491,1991,WI,Wisconsin,4964343
492,1992,WI,Wisconsin,5025398
493,1993,WI,Wisconsin,5084889
494,1994,WI,Wisconsin,5133678
495,1995,WI,Wisconsin,5184836
496,1996,WI,Wisconsin,5229986
497,1997,WI,Wisconsin,5266213
498,1998,WI,Wisconsin,5297672
499,1999,WI,Wisconsin,5332666
500,1990,WY,Wyoming,453690
501,1991,WY,Wyoming,459260
502,1992,WY,Wyoming,466251
503,1993,WY,Wyoming,473081
504,1994,WY,Wyoming,480283
505,1995,WY,Wyoming,485160
506,1996,WY,Wyoming,488167
507,1997,WY,Wyoming,489451
508,1998,WY,Wyoming,490787
509,1999,WY,Wyoming,491780
510,2000,AL,Alabama,4452173
511,2001,AL,Alabama,4467634
512,2002,AL,Alabama,4480089
513,2003,AL,Alabama,4503491
514,2004,AL,Alabama,4530729
515,2005,AL,Alabama,4569805
516,2006,AL,Alabama,4628981
517,2007,AL,Alabama,4672840
518,2008,AL,Alabama,4718206
519,2009,AL,Alabama,4757938
520,2000,AK,Alaska,627963
521,2001,AK,Alaska,633714
522,2002,AK,Alaska,642337
523,2003,AK,Alaska,648414
524,2004,AK,Alaska,659286
525,2005,AK,Alaska,666946
526,2006,AK,Alaska,675302
527,2007,AK,Alaska,680300
528,2008,AK,Alaska,687455
529,2009,AK,Alaska,698895
530,2000,AZ,Arizona,5160586
531,2001,AZ,Arizona,5273477
532,2002,AZ,Arizona,5396255
533,2003,AZ,Arizona,5510364
534,2004,AZ,Arizona,5652404
535,2005,AZ,Arizona,5839077
536,2006,AZ,Arizona,6029141
537,2007,AZ,Arizona,6167681
538,2008,AZ,Arizona,6280362
539,2009,AZ,Arizona,6343154
540,2000,AR,Arkansas,2678588
541,2001,AR,Arkansas,2691571
542,2002,AR,Arkansas,2705927
543,2003,AR,Arkansas,2724816
544,2004,AR,Arkansas,2749686
545,2005,AR,Arkansas,2781097
546,2006,AR,Arkansas,2821761
547,2007,AR,Arkansas,2848650
548,2008,AR,Arkansas,2874554
549,2009,AR,Arkansas,2896843
550,2000,CA,California,33987977
551,2001,CA,California,34479458
552,2002,CA,California,34871843
553,2003,CA,California,35253159
554,2004,CA,California,35574576
555,2005,CA,California,35827943
556,2006,CA,California,36021202
557,2007,CA,California,36250311
558,2008,CA,California,36604337
559,2009,CA,California,36961229
560,2000,CO,Colorado,4326921
561,2001,CO,Colorado,4425687
562,2002,CO,Colorado,4490406
563,2003,CO,Colorado,4528732
564,2004,CO,Colorado,4575013
565,2005,CO,Colorado,4631888
566,2006,CO,Colorado,4720423
567,2007,CO,Colorado,4803868
568,2008,CO,Colorado,4889730
569,2009,CO,Colorado,4972195
570,2000,CT,Connecticut,3411777
571,2001,CT,Connecticut,3432835
572,2002,CT,Connecticut,3458749
573,2003,CT,Connecticut,3484336
574,2004,CT,Connecticut,3496094
575,2005,CT,Connecticut,3506956
576,2006,CT,Connecticut,3517460
577,2007,CT,Connecticut,3527270
578,2008,CT,Connecticut,3545579
579,2009,CT,Connecticut,3561807
580,2000,DE,Delaware,786373
581,2001,DE,Delaware,795699
582,2002,DE,Delaware,806169
583,2003,DE,Delaware,818003
584,2004,DE,Delaware,830803
585,2005,DE,Delaware,845150
586,2006,DE,Delaware,859268
587,2007,DE,Delaware,871749
588,2008,DE,Delaware,883874
589,2009,DE,Delaware,891730
590,2000,D.C,DC,572046
591,2001,D.C,DC,574504
592,2002,D.C,DC,573158
593,2003,D.C,DC,568502
594,2004,D.C,DC,567754
595,2005,D.C,DC,567136
596,2006,D.C,DC,570681
597,2007,D.C,DC,574404
598,2008,D.C,DC,580236
599,2009,D.C,DC,592228
600,2000,FL,Florida,16047515
601,2001,FL,Florida,16356966
602,2002,FL,Florida,16689370
603,2003,FL,Florida,17004085
604,2004,FL,Florida,17415318
605,2005,FL,Florida,17842038
606,2006,FL,Florida,18166990
607,2007,FL,Florida,18367842
608,2008,FL,Florida,18527305
609,2009,FL,Florida,18652644
610,2000,GA,Georgia,8227303
611,2001,GA,Georgia,8377038
612,2002,GA,Georgia,8508256
613,2003,GA,Georgia,8622793
614,2004,GA,Georgia,8769252
615,2005,GA,Georgia,8925922
616,2006,GA,Georgia,9155813
617,2007,GA,Georgia,9349988
618,2008,GA,Georgia,9504843
619,2009,GA,Georgia,9620846
620,2000,HI,Hawaii,1213519
621,2001,HI,Hawaii,1225948
622,2002,HI,Hawaii,1239613
623,2003,HI,Hawaii,1251154
624,2004,HI,Hawaii,1273569
625,2005,HI,Hawaii,1292729
626,2006,HI,Hawaii,1309731
627,2007,HI,Hawaii,1315675
628,2008,HI,Hawaii,1332213
629,2009,HI,Hawaii,1346717
630,2000,ID,Idaho,1299430
631,2001,ID,Idaho,1319962
632,2002,ID,Idaho,1340372
633,2003,ID,Idaho,1363380
634,2004,ID,Idaho,1391802
635,2005,ID,Idaho,1428241
636,2006,ID,Idaho,1468669
637,2007,ID,Idaho,1505105
638,2008,ID,Idaho,1534320
639,2009,ID,Idaho,1554439
640,2000,IL,illinois,12434161
641,2001,IL,illinois,12488445
642,2002,IL,illinois,12525556
643,2003,IL,illinois,12556006
644,2004,IL,illinois,12589773
645,2005,IL,illinois,12609903
646,2006,IL,illinois,12643955
647,2007,IL,illinois,12695866
648,2008,IL,illinois,12747038
649,2009,IL,illinois,12796778
650,2000,IN,Indiana,6091866
651,2001,IN,Indiana,6127760
652,2002,IN,Indiana,6155967
653,2003,IN,Indiana,6196638
654,2004,IN,Indiana,6233007
655,2005,IN,Indiana,6278616
656,2006,IN,Indiana,6332669
657,2007,IN,Indiana,6379599
658,2008,IN,Indiana,6424806
659,2009,IN,Indiana,6459325
660,2000,IA,Iowa,2929067
661,2001,IA,Iowa,2931997
662,2002,IA,Iowa,2934234
663,2003,IA,Iowa,2941999
664,2004,IA,Iowa,2953635
665,2005,IA,Iowa,2964454
666,2006,IA,Iowa,2982644
667,2007,IA,Iowa,2999212
668,2008,IA,Iowa,3016734
669,2009,IA,Iowa,3032870
670,2000,KS,Kansas,2693681
671,2001,KS,Kansas,2702162
672,2002,KS,Kansas,2713535
673,2003,KS,Kansas,2723004
674,2004,KS,Kansas,2734373
675,2005,KS,Kansas,2745299
676,2006,KS,Kansas,2762931
677,2007,KS,Kansas,2783785
678,2008,KS,Kansas,2808076
679,2009,KS,Kansas,2832704
680,2000,KY,Kentucky,4049021
681,2001,KY,Kentucky,4068132
682,2002,KY,Kentucky,4089875
683,2003,KY,Kentucky,4117170
684,2004,KY,Kentucky,4146101
685,2005,KY,Kentucky,4182742
686,2006,KY,Kentucky,4219239
687,2007,KY,Kentucky,4256672
688,2008,KY,Kentucky,4289878
689,2009,KY,Kentucky,4317074
690,2000,LA,Louisiana,4471885
691,2001,LA,Louisiana,4477875
692,2002,LA,Louisiana,4497267
693,2003,LA,Louisiana,4521042
694,2004,LA,Louisiana,4552238
695,2005,LA,Louisiana,4576628
696,2006,LA,Louisiana,4302665
697,2007,LA,Louisiana,4375581
698,2008,LA,Louisiana,4435586
699,2009,LA,Louisiana,4491648
700,2000,ME,Maine,1277072
701,2001,ME,Maine,1285692
702,2002,ME,Maine,1295960
703,2003,ME,Maine,1306513
704,2004,ME,Maine,1313688
705,2005,ME,Maine,1318787
706,2006,ME,Maine,1323619
707,2007,ME,Maine,1327040
708,2008,ME,Maine,1330509
709,2009,ME,Maine,1329590
710,2000,MD,Maryland,5311034
711,2001,MD,Maryland,5374691
712,2002,MD,Maryland,5440389
713,2003,MD,Maryland,5496269
714,2004,MD,Maryland,5546935
715,2005,MD,Maryland,5592379
716,2006,MD,Maryland,5627367
717,2007,MD,Maryland,5653408
718,2008,MD,Maryland,5684965
719,2009,MD,Maryland,5730388
720,2000,MA,Massachusetts,6361104
721,2001,MA,Massachusetts,6397634
722,2002,MA,Massachusetts,6417206
723,2003,MA,Massachusetts,6422565
724,2004,MA,Massachusetts,6412281
725,2005,MA,Massachusetts,6403290
726,2006,MA,Massachusetts,6410084
727,2007,MA,Massachusetts,6431559
728,2008,MA,Massachusetts,6468967
729,2009,MA,Massachusetts,6517613
730,2000,MI,Michigan,9952450
731,2001,MI,Michigan,9991120
732,2002,MI,Michigan,10015710
733,2003,MI,Michigan,10041152
734,2004,MI,Michigan,10055315
735,2005,MI,Michigan,10051137
736,2006,MI,Michigan,10036081
737,2007,MI,Michigan,10001284
738,2008,MI,Michigan,9946889
739,2009,MI,Michigan,9901591
740,2000,MN,Minnesota,4933692
741,2001,MN,Minnesota,4982796
742,2002,MN,Minnesota,5018935
743,2003,MN,Minnesota,5053572
744,2004,MN,Minnesota,5087713
745,2005,MN,Minnesota,5119598
746,2006,MN,Minnesota,5163555
747,2007,MN,Minnesota,5207203
748,2008,MN,Minnesota,5247018
749,2009,MN,Minnesota,5281203
750,2000,MS,Mississippi,2848353
751,2001,MS,Mississippi,2852994
752,2002,MS,Mississippi,2858681
753,2003,MS,Mississippi,2868312
754,2004,MS,Mississippi,2889010
755,2005,MS,Mississippi,2905943
756,2006,MS,Mississippi,2904978
757,2007,MS,Mississippi,2928350
758,2008,MS,Mississippi,2947806
759,2009,MS,Mississippi,2958774
760,2000,MO,Missouri,5607285
761,2001,MO,Missouri,5641142
762,2002,MO,Missouri,5674825
763,2003,MO,Missouri,5709403
764,2004,MO,Missouri,5747741
765,2005,MO,Missouri,5790300
766,2006,MO,Missouri,5842704
767,2007,MO,Missouri,5887612
768,2008,MO,Missouri,5923916
769,2009,MO,Missouri,5961088
770,2000,MT,Montana,903773
771,2001,MT,Montana,906961
772,2002,MT,Montana,911667
773,2003,MT,Montana,919630
774,2004,MT,Montana,930009
775,2005,MT,Montana,940102
776,2006,MT,Montana,952692
777,2007,MT,Montana,964706
778,2008,MT,Montana,976415
779,2009,MT,Montana,983982
780,2000,NE,Nebraska,1713820
781,2001,NE,Nebraska,1719836
782,2002,NE,Nebraska,1728292
783,2003,NE,Nebraska,1738643
784,2004,NE,Nebraska,1749370
785,2005,NE,Nebraska,1761497
786,2006,NE,Nebraska,1772693
787,2007,NE,Nebraska,1783440
788,2008,NE,Nebraska,1796378
789,2009,NE,Nebraska,1812683
790,2000,NV,Nevada,2018741
791,2001,NV,Nevada,2098399
792,2002,NV,Nevada,2173791
793,2003,NV,Nevada,2248850
794,2004,NV,Nevada,2346222
795,2005,NV,Nevada,2432143
796,2006,NV,Nevada,2522658
797,2007,NV,Nevada,2601072
798,2008,NV,Nevada,2653630
799,2009,NV,Nevada,2684665
800,2000,NH,New Hampshire,1239882
801,2001,NH,New Hampshire,1255517
802,2002,NH,New Hampshire,1269089
803,2003,NH,New Hampshire,1279840
804,2004,NH,New Hampshire,1290121
805,2005,NH,New Hampshire,1298492
806,2006,NH,New Hampshire,1308389
807,2007,NH,New Hampshire,1312540
808,2008,NH,New Hampshire,1315906
809,2009,NH,New Hampshire,1316102
810,2000,NJ,New Jersey,8430621
811,2001,NJ,New Jersey,8492671
812,2002,NJ,New Jersey,8552643
813,2003,NJ,New Jersey,8601402
814,2004,NJ,New Jersey,8634561
815,2005,NJ,New Jersey,8651974
816,2006,NJ,New Jersey,8661679
817,2007,NJ,New Jersey,8677885
818,2008,NJ,New Jersey,8711090
819,2009,NJ,New Jersey,8755602
820,2000,NM,New Mexico,1821204
821,2001,NM,New Mexico,1831690
822,2002,NM,New Mexico,1855309
823,2003,NM,New Mexico,1877574
824,2004,NM,New Mexico,1903808
825,2005,NM,New Mexico,1932274
826,2006,NM,New Mexico,1962137
827,2007,NM,New Mexico,1990070
828,2008,NM,New Mexico,2010662
829,2009,NM,New Mexico,2036802
830,2000,NY,New York,19001780
831,2001,NY,New York,19082838
832,2002,NY,New York,19137800
833,2003,NY,New York,19175939
834,2004,NY,New York,19171567
835,2005,NY,New York,19132610
836,2006,NY,New York,19104631
837,2007,NY,New York,19132335
838,2008,NY,New York,19212436
839,2009,NY,New York,19307066
840,2000,NC,Northe Carolina,8081614
841,2001,NC,Northe Carolina,8210122
842,2002,NC,Northe Carolina,8326201
843,2003,NC,Northe Carolina,8422501
844,2004,NC,Northe Carolina,8553152
845,2005,NC,Northe Carolina,8705407
846,2006,NC,Northe Carolina,8917270
847,2007,NC,Northe Carolina,9118037
848,2008,NC,Northe Carolina,9309449
849,2009,NC,Northe Carolina,9449566
850,2000,ND,North Dakota,642023
851,2001,ND,North Dakota,639062
852,2002,ND,North Dakota,638168
853,2003,ND,North Dakota,638817
854,2004,ND,North Dakota,644705
855,2005,ND,North Dakota,646089
856,2006,ND,North Dakota,649422
857,2007,ND,North Dakota,652822
858,2008,ND,North Dakota,657569
859,2009,ND,North Dakota,664968
860,2000,OH,Ohio,11363543
861,2001,OH,Ohio,11387404
862,2002,OH,Ohio,11407889
863,2003,OH,Ohio,11434788
864,2004,OH,Ohio,11452251
865,2005,OH,Ohio,11463320
866,2006,OH,Ohio,11481213
867,2007,OH,Ohio,11500468
868,2008,OH,Ohio,11515391
869,2009,OH,Ohio,11528896
870,2000,OK,Oklahoma,3454365
871,2001,OK,Oklahoma,3467100
872,2002,OK,Oklahoma,3489080
873,2003,OK,Oklahoma,3504892
874,2004,OK,Oklahoma,3525233
875,2005,OK,Oklahoma,3548597
876,2006,OK,Oklahoma,3594090
877,2007,OK,Oklahoma,3634349
878,2008,OK,Oklahoma,3668976
879,2009,OK,Oklahoma,3717572
880,2000,OR,Oregon,3429708
881,2001,OR,Oregon,3467937
882,2002,OR,Oregon,3513424
883,2003,OR,Oregon,3547376
884,2004,OR,Oregon,3569463
885,2005,OR,Oregon,3613202
886,2006,OR,Oregon,3670883
887,2007,OR,Oregon,3722417
888,2008,OR,Oregon,3768748
889,2009,OR,Oregon,3808600
890,2000,PA,Pennsylvania,12284173
891,2001,PA,Pennsylvania,12298970
892,2002,PA,Pennsylvania,12331031
893,2003,PA,Pennsylvania,12374658
894,2004,PA,Pennsylvania,12410722
895,2005,PA,Pennsylvania,12449990
896,2006,PA,Pennsylvania,12510809
897,2007,PA,Pennsylvania,12563937
898,2008,PA,Pennsylvania,12612285
899,2009,PA,Pennsylvania,12666858
900,2000,RI,Rhode Island,1050268
901,2001,RI,Rhode Island,1057142
902,2002,RI,Rhode Island,1065995
903,2003,RI,Rhode Island,1071342
904,2004,RI,Rhode Island,1074579
905,2005,RI,Rhode Island,1067916
906,2006,RI,Rhode Island,1063096
907,2007,RI,Rhode Island,1057315
908,2008,RI,Rhode Island,1055003
909,2009,RI,Rhode Island,1053646
910,2000,SC,South Carolina,4024223
911,2001,SC,South Carolina,4064995
912,2002,SC,South Carolina,4107795
913,2003,SC,South Carolina,4150297
914,2004,SC,South Carolina,4210921
915,2005,SC,South Carolina,4270150
916,2006,SC,South Carolina,4357847
917,2007,SC,South Carolina,4444110
918,2008,SC,South Carolina,4528996
919,2009,SC,South Carolina,4589872
920,2000,SD,South Dakota,755844
921,2001,SD,South Dakota,757972
922,2002,SD,South Dakota,760020
923,2003,SD,South Dakota,763729
924,2004,SD,South Dakota,770396
925,2005,SD,South Dakota,775493
926,2006,SD,South Dakota,783033
927,2007,SD,South Dakota,791623
928,2008,SD,South Dakota,799124
929,2009,SD,South Dakota,807067
930,2000,TN,Tennesse,5703719
931,2001,TN,Tennesse,5750789
932,2002,TN,Tennesse,5795918
933,2003,TN,Tennesse,5847812
934,2004,TN,Tennesse,5910809
935,2005,TN,Tennesse,5991057
936,2006,TN,Tennesse,6088766
937,2007,TN,Tennesse,6175727
938,2008,TN,Tennesse,6247411
939,2009,TN,Tennesse,6306019
940,2000,TX,Texas,20944499
941,2001,TX,Texas,21319622
942,2002,TX,Texas,21690325
943,2003,TX,Texas,22030931
944,2004,TX,Texas,22394023
945,2005,TX,Texas,22778123
946,2006,TX,Texas,23359580
947,2007,TX,Texas,23831983
948,2008,TX,Texas,24309039
949,2009,TX,Texas,24801761
950,2000,UT,Utah,2244502
951,2001,UT,Utah,2283715
952,2002,UT,Utah,2324815
953,2003,UT,Utah,2360137
954,2004,UT,Utah,2401580
955,2005,UT,Utah,2457719
956,2006,UT,Utah,2525507
957,2007,UT,Utah,2597746
958,2008,UT,Utah,2663029
959,2009,UT,Utah,2723421
960,2000,VT,Vermont,609618
961,2001,VT,Vermont,612223
962,2002,VT,Vermont,615442
963,2003,VT,Vermont,617858
964,2004,VT,Vermont,619920
965,2005,VT,Vermont,621215
966,2006,VT,Vermont,622892
967,2007,VT,Vermont,623481
968,2008,VT,Vermont,624151
969,2009,VT,Vermont,624817
970,2000,VA,Virginia,7105817
971,2001,VA,Virginia,7198362
972,2002,VA,Virginia,7286873
973,2003,VA,Virginia,7366977
974,2004,VA,Virginia,7475575
975,2005,VA,Virginia,7577105
976,2006,VA,Virginia,7673725
977,2007,VA,Virginia,7751000
978,2008,VA,Virginia,7833496
979,2009,VA,Virginia,7925937
980,2000,WA,Washington,5910512
981,2001,WA,Washington,5985722
982,2002,WA,Washington,6052349
983,2003,WA,Washington,6104115
984,2004,WA,Washington,6178645
985,2005,WA,Washington,6257305
986,2006,WA,Washington,6370753
987,2007,WA,Washington,6461587
988,2008,WA,Washington,6562231
989,2009,WA,Washington,6667426
990,2000,WV,West Virginia,1807021
991,2001,WV,West Virginia,1801481
992,2002,WV,West Virginia,1805414
993,2003,WV,West Virginia,1812295
994,2004,WV,West Virginia,1816438
995,2005,WV,West Virginia,1820492
996,2006,WV,West Virginia,1827912
997,2007,WV,West Virginia,1834052
998,2008,WV,West Virginia,1840310
999,2009,WV,West Virginia,1847775
1000,2000,WI,Wisconsin,5373999
1001,2001,WI,Wisconsin,5406835
1002,2002,WI,Wisconsin,5445162
1003,2003,WI,Wisconsin,5479203
1004,2004,WI,Wisconsin,5514026
1005,2005,WI,Wisconsin,5546166
1006,2006,WI,Wisconsin,5577655
1007,2007,WI,Wisconsin,5610775
1008,2008,WI,Wisconsin,5640996
1009,2009,WI,Wisconsin,5669264
1010,2000,WY,Wyoming,494300
1011,2001,WY,Wyoming,494657
1012,2002,WY,Wyoming,500017
1013,2003,WY,Wyoming,503453
1014,2004,WY,Wyoming,509106
1015,2005,WY,Wyoming,514157
1016,2006,WY,Wyoming,522667
1017,2007,WY,Wyoming,534876
1018,2008,WY,Wyoming,546043
1019,2009,WY,Wyoming,559851
1020,2010,AL,Alabama,4785437
1021,2011,AL,Alabama,4799069
1022,2012,AL,Alabama,4815588
1023,2013,AL,Alabama,4830081
1024,2014,AL,Alabama,4841799
1025,2015,AL,Alabama,4852347
1026,2016,AL,Alabama,4863525
1027,2017,AL,Alabama,4874486
1028,2018,AL,Alabama,4887681
1029,2019,AL,Alabama,4903185
1030,2010,AK,Alaska,713910
1031,2011,AK,Alaska,722128
1032,2012,AK,Alaska,730443
1033,2013,AK,Alaska,737068
1034,2014,AK,Alaska,736283
1035,2015,AK,Alaska,737498
1036,2016,AK,Alaska,741456
1037,2017,AK,Alaska,739700
1038,2018,AK,Alaska,735139
1039,2019,AK,Alaska,731545
1040,2010,AZ,Arizona,6407172
1041,2011,AZ,Arizona,6472643
1042,2012,AZ,Arizona,6554978
1043,2013,AZ,Arizona,6632764
1044,2014,AZ,Arizona,6730413
1045,2015,AZ,Arizona,6829676
1046,2016,AZ,Arizona,6941072
1047,2017,AZ,Arizona,7044008
1048,2018,AZ,Arizona,7158024
1049,2019,AZ,Arizona,7278717
1050,2010,AR,Arkansas,2921964
1051,2011,AR,Arkansas,2940667
1052,2012,AR,Arkansas,2952164
1053,2013,AR,Arkansas,2959400
1054,2014,AR,Arkansas,2967392
1055,2015,AR,Arkansas,2978048
1056,2016,AR,Arkansas,2989918
1057,2017,AR,Arkansas,3001345
1058,2018,AR,Arkansas,3009733
1059,2019,AR,Arkansas,3017804
1060,2010,CA,California,37319502
1061,2011,CA,California,37638369
1062,2012,CA,California,37948800
1063,2013,CA,California,38260787
1064,2014,CA,California,38596972
1065,2015,CA,California,38918045
1066,2016,CA,California,39167117
1067,2017,CA,California,39358497
1068,2018,CA,California,39461588
1069,2019,CA,California,39512223
1070,2010,CO,Colorado,5047349
1071,2011,CO,Colorado,5121108
1072,2012,CO,Colorado,5192647
1073,2013,CO,Colorado,5269035
1074,2014,CO,Colorado,5350101
1075,2015,CO,Colorado,5450623
1076,2016,CO,Colorado,5539215
1077,2017,CO,Colorado,5611885
1078,2018,CO,Colorado,5691287
1079,2019,CO,Colorado,5758736
1080,2010,CT,Connecticut,3579114
1081,2011,CT,Connecticut,3588283
1082,2012,CT,Connecticut,3594547
1083,2013,CT,Connecticut,3594841
1084,2014,CT,Connecticut,3594524
1085,2015,CT,Connecticut,3587122
1086,2016,CT,Connecticut,3578141
1087,2017,CT,Connecticut,3573297
1088,2018,CT,Connecticut,3571520
1089,2019,CT,Connecticut,3565287
1090,2010,DE,Delaware,899593
1091,2011,DE,Delaware,907381
1092,2012,DE,Delaware,915179
1093,2013,DE,Delaware,923576
1094,2014,DE,Delaware,932487
1095,2015,DE,Delaware,941252
1096,2016,DE,Delaware,948921
1097,2017,DE,Delaware,956823
1098,2018,DE,Delaware,965479
1099,2019,DE,Delaware,973764
1100,2010,D.C,DC,605226
1101,2011,D.C,DC,619800
1102,2012,D.C,DC,634924
1103,2013,D.C,DC,650581
1104,2014,D.C,DC,662328
1105,2015,D.C,DC,675400
1106,2016,D.C,DC,685815
1107,2017,D.C,DC,694906
1108,2018,D.C,DC,701547
1109,2019,D.C,DC,705749
1110,2010,FL,Florida,18845537
1111,2011,FL,Florida,19053237
1112,2012,FL,Florida,19297822
1113,2013,FL,Florida,19545621
1114,2014,FL,Florida,19845911
1115,2015,FL,Florida,20209042
1116,2016,FL,Florida,20613477
1117,2017,FL,Florida,20963613
1118,2018,FL,Florida,21244317
1119,2019,FL,Florida,21477737
1120,2010,GA,Georgia,9711881
1121,2011,GA,Georgia,9802431
1122,2012,GA,Georgia,9901430
1123,2013,GA,Georgia,9972479
1124,2014,GA,Georgia,10067278
1125,2015,GA,Georgia,10178447
1126,2016,GA,Georgia,10301890
1127,2017,GA,Georgia,10410330
1128,2018,GA,Georgia,10511131
1129,2019,GA,Georgia,10617423
1130,2010,Hi,Hawaii,1363963
1131,2011,Hi,Hawaii,1379329
1132,2012,Hi,Hawaii,1394804
1133,2013,Hi,Hawaii,1408243
1134,2014,Hi,Hawaii,1414538
1135,2015,Hi,Hawaii,1422052
1136,2016,Hi,Hawaii,1427559
1137,2017,Hi,Hawaii,1424393
1138,2018,Hi,Hawaii,1420593
1139,2019,Hi,Hawaii,1415872
1140,2010,ID,Idaho,1570746
1141,2011,ID,Idaho,1583910
1142,2012,ID,Idaho,1595324
1143,2013,ID,Idaho,1611206
1144,2014,ID,Idaho,1631112
1145,2015,ID,Idaho,1651059
1146,2016,ID,Idaho,1682380
1147,2017,ID,Idaho,1717715
1148,2018,ID,Idaho,1750536
1149,2019,ID,Idaho,1787065
1150,2010,IL,illinois,12840503
1151,2011,IL,illinois,12867454
1152,2012,IL,illinois,12882510
1153,2013,IL,illinois,12895129
1154,2014,IL,illinois,12884493
1155,2015,IL,illinois,12858913
1156,2016,IL,illinois,12820527
1157,2017,IL,illinois,12778828
1158,2018,IL,illinois,12723071
1159,2019,IL,illinois,12671821
1160,2010,IN,Indiana,6490432
1161,2011,IN,Indiana,6516528
1162,2012,IN,Indiana,6537703
1163,2013,IN,Indiana,6568713
1164,2014,IN,Indiana,6593644
1165,2015,IN,Indiana,6608422
1166,2016,IN,Indiana,6634304
1167,2017,IN,Indiana,6658078
1168,2018,IN,Indiana,6695497
1169,2019,IN,Indiana,6732219
1170,2010,IA,Iowa,3050745
1171,2011,IA,Iowa,3066336
1172,2012,IA,Iowa,3076190
1173,2013,IA,Iowa,3092997
1174,2014,IA,Iowa,3109350
1175,2015,IA,Iowa,3120960
1176,2016,IA,Iowa,3131371
1177,2017,IA,Iowa,3141550
1178,2018,IA,Iowa,3148618
1179,2019,IA,Iowa,3155070
1180,2010,KS,Kansas,2858190
1181,2011,KS,Kansas,2869225
1182,2012,KS,Kansas,2885257
1183,2013,KS,Kansas,2893212
1184,2014,KS,Kansas,2900475
1185,2015,KS,Kansas,2909011
1186,2016,KS,Kansas,2910844
1187,2017,KS,Kansas,2908718
1188,2018,KS,Kansas,2911359
1189,2019,KS,Kansas,2913314
1190,2010,KY,Kentucky,4348181
1191,2011,KY,Kentucky,4369821
1192,2012,KY,Kentucky,4386346
1193,2013,KY,Kentucky,4404659
1194,2014,KY,Kentucky,4414349
1195,2015,KY,Kentucky,4425976
1196,2016,KY,Kentucky,4438182
1197,2017,KY,Kentucky,4452268
1198,2018,KY,Kentucky,4461153
1199,2019,KY,Kentucky,4467673
1200,2010,LA,Louisiana,4544532
1201,2011,LA,Louisiana,4575625
1202,2012,LA,Louisiana,4600972
1203,2013,LA,Louisiana,4624527
1204,2014,LA,Louisiana,4644013
1205,2015,LA,Louisiana,4664628
1206,2016,LA,Louisiana,4678135
1207,2017,LA,Louisiana,4670560
1208,2018,LA,Louisiana,4659690
1209,2019,LA,Louisiana,4648794
1210,2010,ME,Maine,1327629
1211,2011,ME,Maine,1328284
1212,2012,ME,Maine,1327729
1213,2013,ME,Maine,1328009
1214,2014,ME,Maine,1330513
1215,2015,ME,Maine,1328262
1216,2016,ME,Maine,1331317
1217,2017,ME,Maine,1334612
1218,2018,ME,Maine,1339057
1219,2019,ME,Maine,1344212
1220,2010,MD,Maryland,5788645
1221,2011,MD,Maryland,5839419
1222,2012,MD,Maryland,5886992
1223,2013,MD,Maryland,5923188
1224,2014,MD,Maryland,5957283
1225,2015,MD,Maryland,5985562
1226,2016,MD,Maryland,6003323
1227,2017,MD,Maryland,6023868
1228,2018,MD,Maryland,6035802
1229,2019,MD,Maryland,6045680
1230,2010,MA,Massachusetts,6566307
1231,2011,MA,Massachusetts,6613583
1232,2012,MA,Massachusetts,6663005
1233,2013,MA,Massachusetts,6713315
1234,2014,MA,Massachusetts,6762596
1235,2015,MA,Massachusetts,6794228
1236,2016,MA,Massachusetts,6823608
1237,2017,MA,Massachusetts,6859789
1238,2018,MA,Massachusetts,6882635
1239,2019,MA,Massachusetts,6892503
1240,2010,MI,Michigan,9877510
1241,2011,MI,Michigan,9882412
1242,2012,MI,Michigan,9897145
1243,2013,MI,Michigan,9913065
1244,2014,MI,Michigan,9929848
1245,2015,MI,Michigan,9931715
1246,2016,MI,Michigan,9950571
1247,2017,MI,Michigan,9973114
1248,2018,MI,Michigan,9984072
1249,2019,MI,Michigan,9986857
1250,2010,MN,Minnesota,5310828
1251,2011,MN,Minnesota,5346143
1252,2012,MN,Minnesota,5376643
1253,2013,MN,Minnesota,5413479
1254,2014,MN,Minnesota,5451079
1255,2015,MN,Minnesota,5482032
1256,2016,MN,Minnesota,5522744
1257,2017,MN,Minnesota,5566230
1258,2018,MN,Minnesota,5606249
1259,2019,MN,Minnesota,5639632
1260,2010,MS,Mississippi,2970548
1261,2011,MS,Mississippi,2978731
1262,2012,MS,Mississippi,2983816
1263,2013,MS,Mississippi,2988711
1264,2014,MS,Mississippi,2990468
1265,2015,MS,Mississippi,2988471
1266,2016,MS,Mississippi,2987938
1267,2017,MS,Mississippi,2988510
1268,2018,MS,Mississippi,2981020
1269,2019,MS,Mississippi,2976149
1270,2010,MO,Missouri,5995974
1271,2011,MO,Missouri,6010275
1272,2012,MO,Missouri,6024367
1273,2013,MO,Missouri,6040715
1274,2014,MO,Missouri,6056202
1275,2015,MO,Missouri,6071732
1276,2016,MO,Missouri,6087135
1277,2017,MO,Missouri,6106670
1278,2018,MO,Missouri,6121623
1279,2019,MO,Missouri,6137428
1280,2010,MT,Montana,990697
1281,2011,MT,Montana,997316
1282,2012,MT,Montana,1003783
1283,2013,MT,Montana,1013569
1284,2014,MT,Montana,1021869
1285,2015,MT,Montana,1030475
1286,2016,MT,Montana,1040859
1287,2017,MT,Montana,1052482
1288,2018,MT,Montana,1060665
1289,2019,MT,Montana,1068778
1290,2010,NE,Nebraska,1829542
1291,2011,NE,Nebraska,1840672
1292,2012,NE,Nebraska,1853303
1293,2013,NE,Nebraska,1865279
1294,2014,NE,Nebraska,1879321
1295,2015,NE,Nebraska,1891277
1296,2016,NE,Nebraska,1905616
1297,2017,NE,Nebraska,1915947
1298,2018,NE,Nebraska,1925614
1299,2019,NE,Nebraska,1934408
1300,2010,NV,Nevada,2702405
1301,2011,NV,Nevada,2712730
1302,2012,NV,Nevada,2743996
1303,2013,NV,Nevada,2775970
1304,2014,NV,Nevada,2817628
1305,2015,NV,Nevada,2866939
1306,2016,NV,Nevada,2917563
1307,2017,NV,Nevada,2969905
1308,2018,NV,Nevada,3027341
1309,2019,NV,Nevada,3080156
1310,2010,NH,New Hampshire,1316762
1311,2011,NH,New Hampshire,1320202
1312,2012,NH,New Hampshire,1324232
1313,2013,NH,New Hampshire,1326622
1314,2014,NH,New Hampshire,1333341
1315,2015,NH,New Hampshire,1336350
1316,2016,NH,New Hampshire,1342307
1317,2017,NH,New Hampshire,1348787
1318,2018,NH,New Hampshire,1353465
1319,2019,NH,New Hampshire,1359711
1320,2010,NJ,New Jersey,8799446
1321,2011,NJ,New Jersey,8828117
1322,2012,NJ,New Jersey,8844942
1323,2013,NJ,New Jersey,8856972
1324,2014,NJ,New Jersey,8864525
1325,2015,NJ,New Jersey,8867949
1326,2016,NJ,New Jersey,8870827
1327,2017,NJ,New Jersey,8885525
1328,2018,NJ,New Jersey,8886025
1329,2019,NJ,New Jersey,8882190
1330,2010,NM,New Mexico,2064552
1331,2011,NM,New Mexico,2080450
1332,2012,NM,New Mexico,2087309
1333,2013,NM,New Mexico,2092273
1334,2014,NM,New Mexico,2089568
1335,2015,NM,New Mexico,2089291
1336,2016,NM,New Mexico,2091630
1337,2017,NM,New Mexico,2091784
1338,2018,NM,New Mexico,2092741
1339,2019,NM,New Mexico,2096829
1340,2010,NY,New York,19399878
1341,2011,NY,New York,19499241
1342,2012,NY,New York,19572932
1343,2013,NY,New York,19624447
1344,2014,NY,New York,19651049
1345,2015,NY,New York,19654666
1346,2016,NY,New York,19633428
1347,2017,NY,New York,19589572
1348,2018,NY,New York,19530351
1349,2019,NY,New York,19453561
1350,2010,NC,Northe Carolina,9574323
1351,2011,NC,Northe Carolina,9657592
1352,2012,NC,Northe Carolina,9749476
1353,2013,NC,Northe Carolina,9843336
1354,2014,NC,Northe Carolina,9932887
1355,2015,NC,Northe Carolina,10031646
1356,2016,NC,Northe Carolina,10154788
1357,2017,NC,Northe Carolina,10268233
1358,2018,NC,Northe Carolina,10381615
1359,2019,NC,Northe Carolina,10488084
1360,2010,ND,North Dakota,674715
1361,2011,ND,North Dakota,685225
1362,2012,ND,North Dakota,701176
1363,2013,ND,North Dakota,722036
1364,2014,ND,North Dakota,737401
1365,2015,ND,North Dakota,754066
1366,2016,ND,North Dakota,754434
1367,2017,ND,North Dakota,754942
1368,2018,ND,North Dakota,758080
1369,2019,ND,North Dakota,762062
1370,2010,OH,Ohio,11539336
1371,2011,OH,Ohio,11544663
1372,2012,OH,Ohio,11548923
1373,2013,OH,Ohio,11576684
1374,2014,OH,Ohio,11602700
1375,2015,OH,Ohio,11617527
1376,2016,OH,Ohio,11634370
1377,2017,OH,Ohio,11659650
1378,2018,OH,Ohio,11676341
1379,2019,OH,Ohio,11689100
1380,2010,OK,Oklahoma,3759944
1381,2011,OK,Oklahoma,3788379
1382,2012,OK,Oklahoma,3818814
1383,2013,OK,Oklahoma,3853214
1384,2014,OK,Oklahoma,3878187
1385,2015,OK,Oklahoma,3909500
1386,2016,OK,Oklahoma,3926331
1387,2017,OK,Oklahoma,3931316
1388,2018,OK,Oklahoma,3940235
1389,2019,OK,Oklahoma,3956971
1390,2010,OR,Oregon,3837491
1391,2011,OR,Oregon,3872036
1392,2012,OR,Oregon,3899001
1393,2013,OR,Oregon,3922468
1394,2014,OR,Oregon,3963244
1395,2015,OR,Oregon,4015792
1396,2016,OR,Oregon,4089976
1397,2017,OR,Oregon,4143625
1398,2018,OR,Oregon,4181886
1399,2019,OR,Oregon,4217737
1400,2010,PA,Pennsylvania,12711160
1401,2011,PA,Pennsylvania,12745815
1402,2012,PA,Pennsylvania,12767118
1403,2013,PA,Pennsylvania,12776309
1404,2014,PA,Pennsylvania,12788313
1405,2015,PA,Pennsylvania,12784826
1406,2016,PA,Pennsylvania,12782275
1407,2017,PA,Pennsylvania,12787641
1408,2018,PA,Pennsylvania,12800922
1409,2019,PA,Pennsylvania,12801989
1410,2010,RI,Rhode Island,1053959
1411,2011,RI,Rhode Island,1053649
1412,2012,RI,Rhode Island,1054621
1413,2013,RI,Rhode Island,1055081
1414,2014,RI,Rhode Island,1055936
1415,2015,RI,Rhode Island,1056065
1416,2016,RI,Rhode Island,1056770
1417,2017,RI,Rhode Island,1055673
1418,2018,RI,Rhode Island,1058287
1419,2019,RI,Rhode Island,1059361
1420,2010,SC,South Carolina,4635649
1421,2011,SC,South Carolina,4671994
1422,2012,SC,South Carolina,4717354
1423,2013,SC,South Carolina,4764080
1424,2014,SC,South Carolina,4823617
1425,2015,SC,South Carolina,4891938
1426,2016,SC,South Carolina,4957968
1427,2017,SC,South Carolina,5021268
1428,2018,SC,South Carolina,5084156
1429,2019,SC,South Carolina,5148714
1430,2010,SD,South Dakota,816166
1431,2011,SD,South Dakota,823579
1432,2012,SD,South Dakota,833566
1433,2013,SD,South Dakota,842316
1434,2014,SD,South Dakota,849129
1435,2015,SD,South Dakota,853988
1436,2016,SD,South Dakota,862996
1437,2017,SD,South Dakota,872868
1438,2018,SD,South Dakota,878698
1439,2019,SD,South Dakota,884659
1440,2010,TN,Tennesse,6355311
1441,2011,TN,Tennesse,6399291
1442,2012,TN,Tennesse,6453898
1443,2013,TN,Tennesse,6494340
1444,2014,TN,Tennesse,6541223
1445,2015,TN,Tennesse,6591170
1446,2016,TN,Tennesse,6646010
1447,2017,TN,Tennesse,6708799
1448,2018,TN,Tennesse,6771631
1449,2019,TN,Tennesse,6829174
1450,2010,TX,Texas,25241971
1451,2011,TX,Texas,25645629
1452,2012,TX,Texas,26084481
1453,2013,TX,Texas,26480266
1454,2014,TX,Texas,26964333
1455,2015,TX,Texas,27470056
1456,2016,TX,Texas,27914410
1457,2017,TX,Texas,28295273
1458,2018,TX,Texas,28628666
1459,2019,TX,Texas,28995881
1460,2010,UT,Utah,2775332
1461,2011,UT,Utah,2814384
1462,2012,UT,Utah,2853375
1463,2013,UT,Utah,2897640
1464,2014,UT,Utah,2936879
1465,2015,UT,Utah,2981835
1466,2016,UT,Utah,3041868
1467,2017,UT,Utah,3101042
1468,2018,UT,Utah,3153550
1469,2019,UT,Utah,3205958
1470,2010,VT,Vermont,625879
1471,2011,VT,Vermont,627049
1472,2012,VT,Vermont,626090
1473,2013,VT,Vermont,626210
1474,2014,VT,Vermont,625214
1475,2015,VT,Vermont,625216
1476,2016,VT,Vermont,623657
1477,2017,VT,Vermont,624344
1478,2018,VT,Vermont,624358
1479,2019,VT,Vermont,623989
1480,2010,VA,Virginia,8023699
1481,2011,VA,Virginia,8101155
1482,2012,VA,Virginia,8185080
1483,2013,VA,Virginia,8252427
1484,2014,VA,Virginia,8310993
1485,2015,VA,Virginia,8361808
1486,2016,VA,Virginia,8410106
1487,2017,VA,Virginia,8463587
1488,2018,VA,Virginia,8501286
1489,2019,VA,Virginia,8535519
1490,2010,WA,Washington,6742830
1491,2011,WA,Washington,6826627
1492,2012,WA,Washington,6897058
1493,2013,WA,Washington,6963985
1494,2014,WA,Washington,7054655
1495,2015,WA,Washington,7163657
1496,2016,WA,Washington,7294771
1497,2017,WA,Washington,7423362
1498,2018,WA,Washington,7523869
1499,2019,WA,Washington,7614893
1500,2010,WV,West Virginia,1854239
1501,2011,WV,West Virginia,1856301
1502,2012,WV,West Virginia,1856872
1503,2013,WV,West Virginia,1853914
1504,2014,WV,West Virginia,1849489
1505,2015,WV,West Virginia,1842050
1506,2016,WV,West Virginia,1831023
1507,2017,WV,West Virginia,1817004
1508,2018,WV,West Virginia,1804291
1509,2019,WV,West Virginia,1792147
1510,2010,WI,Wisconsin,5690475
1511,2011,WI,Wisconsin,5705288
1512,2012,WI,Wisconsin,5719960
1513,2013,WI,Wisconsin,5736754
1514,2014,WI,Wisconsin,5751525
1515,2015,WI,Wisconsin,5760940
1516,2016,WI,Wisconsin,5772628
1517,2017,WI,Wisconsin,5790186
1518,2018,WI,Wisconsin,5807406
1519,2019,WI,Wisconsin,5822434
1520,2010,WY,Wyoming,564487
1521,2011,WY,Wyoming,567299
1522,2012,WY,Wyoming,576305
1523,2013,WY,Wyoming,582122
1524,2014,WY,Wyoming,582531
1525,2015,WY,Wyoming,585613
1526,2016,WY,Wyoming,584215
1527,2017,WY,Wyoming,578931
1528,2018,WY,Wyoming,577601
1529,2019,WY,Wyoming,578759
