,year_income,state_id,median_income
0,1990,AL,42607
1,1990,AK,71686
2,1990,AZ,53309
3,1990,AR,41565
4,1990,CA,60726
5,1990,CO,56062
6,1990,CT,70905
7,1990,DE,56191
8,1990,D.C,49967
9,1990,FL,48678
10,1990,GA,50275
11,1990,HI,70998
12,1990,ID,46160
13,1990,IL,59362
14,1990,IN,49121
15,1990,IA,49778
16,1990,KS,54573
17,1990,LA,40870
18,1990,KY,45203
19,1990,ME,50099
20,1990,MD,70881
21,1990,MA,66120
22,1990,MI,54610
23,1990,MN,57397
24,1990,MS,36808
25,1990,MO,49858
26,1990,MT,42640
27,1990,NE,50131
28,1990,NV,58415
29,1990,NH,74435
30,1990,NJ,70657
31,1990,NM,45675
32,1990,NY,57627
33,1990,NC,48028
34,1990,ND,46085
35,1990,OH,54748
36,1990,OK,44480
37,1990,OR,53413
38,1990,PA,52910
39,1990,RI,58315
40,1990,SC,52417
41,1990,SD,44821
42,1990,TN,41211
43,1990,TX,51492
44,1990,UT,54984
45,1990,VT,56728
46,1990,VA,63979
47,1990,WA,58577
48,1990,WV,40381
49,1990,WI,56022
50,1990,WY,53740
51,1991,AL,42852
52,1991,AK,71482
53,1991,AZ,54101
54,1991,AR,41248
55,1991,CA,59253
56,1991,CO,55442
57,1991,CT,74196
58,1991,DE,57353
59,1991,D.C,52601
60,1991,FL,47967
61,1991,GA,47896
62,1991,HI,65557
63,1991,ID,45967
64,1991,IL,56120
65,1991,IN,47680
66,1991,IA,50257
67,1991,KS,51563
68,1991,LA,44529
69,1991,KY,41827
70,1991,ME,49051
71,1991,MD,65040
72,1991,MA,62861
73,1991,MI,56530
74,1991,MN,51886
75,1991,MS,34278
76,1991,MO,49153
77,1991,MT,43698
78,1991,NE,52010
79,1991,NV,57973
80,1991,NH,63421
81,1991,NJ,70491
82,1991,NM,46714
83,1991,NY,55961
84,1991,NC,47264
85,1991,ND,45573
86,1991,OH,52434
87,1991,OK,44816
88,1991,OR,53138
89,1991,PA,53449
90,1991,RI,54275
91,1991,SC,48338
92,1991,SD,43368
93,1991,TN,43040
94,1991,TX,48813
95,1991,UT,49311
96,1991,VT,51316
97,1991,VA,63605
98,1991,WA,59791
99,1991,WV,40741
100,1991,WI,54798
101,1991,WY,51131
102,1992,AL,44323
103,1992,AK,71791
104,1992,AZ,50420
105,1992,AR,41015
106,1992,CA,59943
107,1992,CO,55788
108,1992,CT,70141
109,1992,DE,61274
110,1992,D.C,51947
111,1992,FL,46970
112,1992,GA,49456
113,1992,HI,72325
114,1992,ID,47579
115,1992,IL,54186
116,1992,IN,48998
117,1992,IA,49364
118,1992,KS,52117
119,1992,LA,43689
120,1992,KY,40333
121,1992,ME,50865
122,1992,MD,63893
123,1992,MA,62443
124,1992,MI,55416
125,1992,MN,53207
126,1992,MS,35327
127,1992,MO,46990
128,1992,MT,45554
129,1992,NE,51605
130,1992,NV,54799
131,1992,NH,67728
132,1992,NJ,66979
133,1992,NM,44412
134,1992,NY,53327
135,1992,NC,47694
136,1992,ND,46300
137,1992,OH,53934
138,1992,OK,43423
139,1992,OR,54832
140,1992,PA,51320
141,1992,RI,52264
142,1992,SC,47363
143,1992,SD,45098
144,1992,TN,41764
145,1992,TX,48007
146,1992,UT,58823
147,1992,VT,56254
148,1992,VA,65602
149,1992,WA,58220
150,1992,WV,34814
151,1992,WI,57204
152,1992,WY,51881
153,1993,AL,42017
154,1993,AK,71917
155,1993,AZ,51110
156,1993,AR,38594
157,1993,CA,57078
158,1993,CO,57773
159,1993,CT,66196
160,1993,DE,60413
161,1993,D.C,45739
162,1993,FL,47826
163,1993,GA,53041
164,1993,HI,71466
165,1993,ID,51947
166,1993,IL,55041
167,1993,IN,49376
168,1993,IA,48016
169,1993,KS,49870
170,1993,LA,44077
171,1993,KY,40834
172,1993,ME,45963
173,1993,MD,66905
174,1993,MA,62089
175,1993,MI,54715
176,1993,MN,56423
177,1993,MS,37174
178,1993,MO,48047
179,1993,MT,44342
180,1993,NE,51944
181,1993,NV,59995
182,1993,NH,63596
183,1993,NJ,67845
184,1993,NM,44824
185,1993,NY,53098
186,1993,NC,48279
187,1993,ND,47103
188,1993,OH,52408
189,1993,OK,43990
190,1993,OR,55512
191,1993,PA,51922
192,1993,RI,56133
193,1993,SC,43643
194,1993,SD,46464
195,1993,TN,42050
196,1993,TX,48123
197,1993,UT,59948
198,1993,VT,52039
199,1993,VA,61032
200,1993,WA,59728
201,1993,WV,37559
202,1993,WI,53214
203,1993,WY,49320
204,1994,AL,44626
205,1994,AK,74443
206,1994,AZ,51349
207,1994,AR,41950
208,1994,CA,57975
209,1994,CO,62081
210,1994,CT,67436
211,1994,DE,58864
212,1994,D.C,49418
213,1994,FL,48069
214,1994,GA,51634
215,1994,HI,69337
216,1994,ID,51748
217,1994,IL,57565
218,1994,IN,45712
219,1994,IA,54280
220,1994,KS,46474
221,1994,LA,42132
222,1994,KY,43640
223,1994,ME,49746
224,1994,MD,64320
225,1994,MA,66457
226,1994,MI,57898
227,1994,MN,55207
228,1994,MS,41679
229,1994,MO,49539
230,1994,MT,45340
231,1994,NE,52171
232,1994,NV,58861
233,1994,NH,57834
234,1994,NJ,69378
235,1994,NM,44149
236,1994,NY,52343
237,1994,NC,49414
238,1994,ND,46402
239,1994,OH,52271
240,1994,OK,44290
241,1994,OR,51616
242,1994,PA,52617
243,1994,RI,52391
244,1994,SC,48975
245,1994,SD,48789
246,1994,TN,46994
247,1994,TX,50466
248,1994,UT,58607
249,1994,VT,58748
250,1994,VA,61775
251,1994,WA,55025
252,1994,WV,38666
253,1994,WI,58068
254,1994,WY,54380
255,1995,AL,41646
256,1995,AK,76837
257,1995,AZ,49452
258,1995,AR,41362
259,1995,CA,59300
260,1995,CO,65224
261,1995,CT,64482
262,1995,DE,55965
263,1995,D.C,49268
264,1995,FL,47661
265,1995,GA,54637
266,1995,HI,68661
267,1995,ID,52357
268,1995,IL,61001
269,1995,IN,53493
270,1995,IA,56912
271,1995,KS,48616
272,1995,LA,44783
273,1995,KY,47765
274,1995,ME,54251
275,1995,MD,65760
276,1995,MA,61807
277,1995,MI,58366
278,1995,MN,60780
279,1995,MS,42522
280,1995,MO,55800
281,1995,MT,44475
282,1995,NE,52762
283,1995,NV,57818
284,1995,NH,62764
285,1995,NJ,70380
286,1995,NM,41646
287,1995,NY,52921
288,1995,NC,51240
289,1995,ND,46610
290,1995,OH,55986
291,1995,OK,42158
292,1995,OR,58282
293,1995,PA,55318
294,1995,RI,56656
295,1995,SC,46581
296,1995,SD,47393
297,1995,TN,46491
298,1995,TX,51336
299,1995,UT,58452
300,1995,VT,54196
301,1995,VA,58039
302,1995,WA,56991
303,1995,WV,39865
304,1995,WI,65623
305,1995,WY,50519
306,1996,AL,47294
307,1996,AK,82374
308,1996,AZ,49377
309,1996,AR,42332
310,1996,CA,60576
311,1996,CO,63912
312,1996,CT,65737
313,1996,DE,61351
314,1996,D.C,49891
315,1996,FL,47823
316,1996,GA,50718
317,1996,HI,65195
318,1996,ID,54172
319,1996,IL,61734
320,1996,IN,54855
321,1996,IA,51831
322,1996,KS,50857
323,1996,LA,47231
324,1996,KY,50588
325,1996,ME,54152
326,1996,MD,68662
327,1996,MA,61640
328,1996,MI,61220
329,1996,MN,63976
330,1996,MS,41636
331,1996,MO,53479
332,1996,MT,44768
333,1996,NE,53087
334,1996,NV,60151
335,1996,NH,61504
336,1996,NJ,74085
337,1996,NM,39153
338,1996,NY,55266
339,1996,NC,55564
340,1996,ND,49117
341,1996,OH,53175
342,1996,OK,42822
343,1996,OR,55394
344,1996,PA,54468
345,1996,RI,57726
346,1996,SC,54103
347,1996,SD,46083
348,1996,TN,48055
349,1996,TX,51617
350,1996,UT,57807
351,1996,VT,50503
352,1996,VA,61198
353,1996,WA,57242
354,1996,WV,39404
355,1996,WI,62431
356,1996,WY,48310
357,1997,AL,48794
358,1997,AK,73321
359,1997,AZ,50018
360,1997,AR,39968
361,1997,CA,60641
362,1997,CO,66048
363,1997,CT,67197
364,1997,DE,65742
365,1997,D.C,48673
366,1997,FL,49582
367,1997,GA,56011
368,1997,HI,62536
369,1997,ID,51032
370,1997,IL,63069
371,1997,IN,59411
372,1997,IA,51611
373,1997,KS,55717
374,1997,LA,50812
375,1997,KY,51105
376,1997,ME,50066
377,1997,MD,71322
378,1997,MA,64199
379,1997,MI,59187
380,1997,MN,65026
381,1997,MS,43538
382,1997,MO,55843
383,1997,MT,44628
384,1997,NE,53000
385,1997,NV,59358
386,1997,NH,62633
387,1997,NJ,73363
388,1997,NM,45963
389,1997,NY,54689
390,1997,NC,54753
391,1997,ND,48369
392,1997,OH,55203
393,1997,OK,47896
394,1997,OR,56903
395,1997,PA,57315
396,1997,RI,53160
397,1997,SC,52343
398,1997,SD,45364
399,1997,TN,46803
400,1997,TX,53585
401,1997,UT,65348
402,1997,VT,53551
403,1997,VA,65626
404,1997,WA,68078
405,1997,WV,41994
406,1997,WI,60490
407,1997,WY,51061
408,1998,AL,54664
409,1998,AK,76408
410,1998,AZ,55906
411,1998,AR,41700
412,1998,CA,61700
413,1998,CO,70239
414,1998,CT,70102
415,1998,DE,62490
416,1998,D.C,50394
417,1998,FL,52619
418,1998,GA,58280
419,1998,HI,61539
420,1998,ID,55288
421,1998,IL,65082
422,1998,IN,59887
423,1998,IA,55799
424,1998,KS,55335
425,1998,LA,47834
426,1998,KY,54643
427,1998,ME,53720
428,1998,MD,75389
429,1998,MA,63827
430,1998,MI,63037
431,1998,MN,72239
432,1998,MS,43893
433,1998,MO,60595
434,1998,MT,47596
435,1998,NE,54886
436,1998,NV,59924
437,1998,NH,67766
438,1998,NJ,75103
439,1998,NM,47545
440,1998,NY,56364
441,1998,NC,54019
442,1998,ND,45677
443,1998,OH,58672
444,1998,OK,50837
445,1998,OR,58886
446,1998,PA,58808
447,1998,RI,61326
448,1998,SC,50144
449,1998,SD,49419
450,1998,TN,51386
451,1998,TX,53936
452,1998,UT,66772
453,1998,VT,59346
454,1998,VA,65348
455,1998,WA,71478
456,1998,WV,40251
457,1998,WI,62292
458,1998,WY,53133
459,1999,AK,53502
460,1999,AK,75854
461,1999,AL,54600
462,1999,AR,43807
463,1999,CA,64391
464,1999,CO,71103
465,1999,CT,74669
466,1999,DE,68817
467,1999,D.C,57072
468,1999,FL,52882
469,1999,GA,58187
470,1999,HI,65683
471,1999,ID,52836
472,1999,IL,68377
473,1999,IN,60272
474,1999,IA,60656
475,1999,KS,55121
476,1999,LA,48193
477,1999,KY,49793
478,1999,ME,57356
479,1999,MD,77048
480,1999,MA,64946
481,1999,MI,68022
482,1999,MN,69422
483,1999,MS,47934
484,1999,MO,61076
485,1999,MT,45808
486,1999,NE,57007
487,1999,NV,61191
488,1999,NH,67972
489,1999,NJ,73401
490,1999,NM,48075
491,1999,NY,59019
492,1999,NC,54982
493,1999,ND,48207
494,1999,OH,58281
495,1999,OK,48236
496,1999,OR,59949
497,1999,PA,55726
498,1999,RI,63048
499,1999,SC,53813
500,1999,SD,52878
501,1999,TN,53902
502,1999,TX,57099
503,1999,UT,67964
504,1999,VT,61373
505,1999,VA,67437
506,1999,WA,67113
507,1999,WV,43239
508,1999,WI,67399
509,1999,WY,54974
510,2000,AL,50566
511,2000,AK,75436
512,2000,AZ,56788
513,2000,AR,42391
514,2000,CA,66827
515,2000,CO,68860
516,2000,CT,71618
517,2000,DE,71893
518,2000,D.C,58842
519,2000,FL,55465
520,2000,GA,59811
521,2000,HI,73579
522,2000,ID,53688
523,2000,IL,65754
524,2000,IN,58332
525,2000,IA,58512
526,2000,KS,58609
527,2000,LA,43848
528,2000,KY,51766
529,2000,ME,53195
530,2000,MD,77846
531,2000,MA,66737
532,2000,MI,64966
533,2000,MN,77440
534,2000,MS,48960
535,2000,MO,64373
536,2000,MT,46787
537,2000,NE,59596
538,2000,NV,65317
539,2000,NH,72694
540,2000,NJ,71950
541,2000,NM,50093
542,2000,NY,58160
543,2000,NC,54695
544,2000,ND,51382
545,2000,OH,61326
546,2000,OK,46295
547,2000,OR,60665
548,2000,PA,60204
549,2000,RI,60234
550,2000,SC,53629
551,2000,SD,52066
552,2000,TN,48670
553,2000,TX,55112
554,2000,UT,67875
555,2000,VT,56518
556,2000,VA,67322
557,2000,WA,60702
558,2000,WV,41982
559,2000,WI,64360
560,2000,WY,56568
561,2001,AL,48800
562,2001,AK,79616
563,2001,AZ,59270
564,2001,AR,46272
565,2001,CA,65596
566,2001,CO,68559
567,2001,CT,74042
568,2001,DE,68844
569,2001,D.C,57140
570,2001,FL,50550
571,2001,GA,59092
572,2001,HI,65842
573,2001,ID,53076
574,2001,IL,64082
575,2001,IN,56043
576,2001,IA,56872
577,2001,KS,57481
578,2001,LA,46249
579,2001,KY,53348
580,2001,ME,50815
581,2001,MD,74296
582,2001,MA,72523
583,2001,MI,62522
584,2001,MN,73117
585,2001,MS,41861
586,2001,MO,57376
587,2001,MT,44589
588,2001,NE,60529
589,2001,NV,63016
590,2001,NH,71244
591,2001,NJ,71854
592,2001,NM,45974
593,2001,NY,58451
594,2001,NC,52966
595,2001,ND,49678
596,2001,OH,57995
597,2001,OK,49423
598,2001,OR,57284
599,2001,PA,60373
600,2001,RI,63460
601,2001,SC,52375
602,2001,SD,55060
603,2001,TN,49664
604,2001,TX,56711
605,2001,UT,65707
606,2001,VT,56619
607,2001,VA,69731
608,2001,WA,58973
609,2001,WV,41184
610,2001,WI,62937
611,2001,WY,55127
612,2002,AL,51380
613,2002,AK,72110
614,2002,AZ,54292
615,2002,AR,44253
616,2002,CA,64817
617,2002,CO,65988
618,2002,CT,72947
619,2002,DE,67841
620,2002,D.C,53385
621,2002,FL,51956
622,2002,GA,58671
623,2002,HI,64634
624,2002,ID,51533
625,2002,IL,58358
626,2002,IN,56086
627,2002,IA,56089
628,2002,KS,58234
629,2002,LA,46468
630,2002,KY,50231
631,2002,ME,50356
632,2002,MD,77074
633,2002,MA,68121
634,2002,MI,58365
635,2002,MN,74635
636,2002,MS,42197
637,2002,MO,58449
638,2002,MT,47598
639,2002,NE,58476
640,2002,NV,61430
641,2002,NH,75590
642,2002,NJ,74561
643,2002,NM,48448
644,2002,NY,57342
645,2002,NC,49894
646,2002,ND,49463
647,2002,OH,58323
648,2002,OK,49816
649,2002,OR,57118
650,2002,PA,58069
651,2002,RI,57958
652,2002,SC,51666
653,2002,SD,51749
654,2002,TN,50597
655,2002,TX,54859
656,2002,UT,65397
657,2002,VT,58753
658,2002,VA,67815
659,2002,WA,61738
660,2002,WV,40116
661,2002,WI,62721
662,2002,WY,54332
663,2003,AL,49774
664,2003,AK,69257
665,2003,AZ,55000
666,2003,AR,42756
667,2003,CA,65867
668,2003,CO,66722
669,2003,CT,73436
670,2003,DE,65492
671,2003,D.C,60181
672,2003,FL,52068
673,2003,GA,56699
674,2003,HI,69253
675,2003,ID,56611
676,2003,IL,60327
677,2003,IN,56682
678,2003,IA,55291
679,2003,KS,59096
680,2003,LA,44767
681,2003,KY,49348
682,2003,ME,49585
683,2003,MD,69894
684,2003,MA,68078
685,2003,MI,60152
686,2003,MN,70574
687,2003,MS,43726
688,2003,MO,58468
689,2003,MT,45570
690,2003,NE,58751
691,2003,NV,60368
692,2003,NH,74240
693,2003,NJ,74879
694,2003,NM,46902
695,2003,NY,57167
696,2003,NC,49807
697,2003,ND,53990
698,2003,OH,58145
699,2003,OK,47967
700,2003,OR,55630
701,2003,PA,57361
702,2003,RI,59736
703,2003,SC,51410
704,2003,SD,52803
705,2003,TN,50133
706,2003,TX,52468
707,2003,UT,65834
708,2003,VT,57799
709,2003,VA,73193
710,2003,WA,63473
711,2003,WV,43773
712,2003,WI,61818
713,2003,WY,56855
714,2004,AL,47651
715,2004,AK,71632
716,2004,AZ,57039
717,2004,AR,45511
718,2004,CA,64033
719,2004,CO,66198
720,2004,CT,71680
721,2004,DE,62507
722,2004,D.C,56525
723,2004,FL,52732
724,2004,GA,53316
725,2004,HI,73165
726,2004,ID,57705
727,2004,IL,59942
728,2004,IN,55066
729,2004,IA,56447
730,2004,KS,53423
731,2004,LA,47391
732,2004,KY,46325
733,2004,ME,53765
734,2004,MD,74285
735,2004,MA,67672
736,2004,MI,54971
737,2004,MN,72986
738,2004,MS,45213
739,2004,MO,54816
740,2004,MT,44173
741,2004,NE,56961
742,2004,NV,61408
743,2004,NH,73911
744,2004,NJ,71907
745,2004,NM,51466
746,2004,NY,58084
747,2004,NC,52346
748,2004,ND,51021
749,2004,OH,56010
750,2004,OK,51534
751,2004,OR,53329
752,2004,PA,57378
753,2004,RI,62359
754,2004,SC,50333
755,2004,SD,53476
756,2004,TN,49528
757,2004,TX,53853
758,2004,UT,66178
759,2004,VT,61570
760,2004,VA,66529
761,2004,WA,64944
762,2004,WV,43415
763,2004,WI,59493
764,2004,WY,59057
765,2005,AL,46745
766,2005,AK,70326
767,2005,AZ,56931
768,2005,AR,46126
769,2005,CA,65122
770,2005,CO,63479
771,2005,CT,71514
772,2005,DE,64468
773,2005,D.C,56614
774,2005,FL,54093
775,2005,GA,57788
776,2005,HI,74976
777,2005,ID,55586
778,2005,IL,60898
779,2005,IN,53398
780,2005,IA,58510
781,2005,KS,52882
782,2005,LA,46853
783,2005,KY,46178
784,2005,ME,55267
785,2005,MD,76141
786,2005,MA,70485
787,2005,MI,57796
788,2005,MN,68218
789,2005,MS,41366
790,2005,MO,54088
791,2005,MT,46950
792,2005,NE,60300
793,2005,NV,60660
794,2005,NH,71702
795,2005,NJ,79735
796,2005,NM,49006
797,2005,NY,59361
798,2005,NC,52918
799,2005,ND,53089
800,2005,OH,55620
801,2005,OK,47368
802,2005,OR,55564
803,2005,PA,58258
804,2005,RI,62265
805,2005,SC,50621
806,2005,SD,54296
807,2005,TN,49584
808,2005,TX,52120
809,2005,UT,68970
810,2005,VT,63800
811,2005,VA,65322
812,2005,WA,63727
813,2005,WV,45858
814,2005,WI,56182
815,2005,WY,56268
816,2006,AL,46255
817,2006,AK,68761
818,2006,AZ,56864
819,2006,AR,45164
820,2006,CA,67421
821,2006,CO,67882
822,2006,CT,76056
823,2006,DE,63910
824,2006,D.C,59082
825,2006,FL,55669
826,2006,GA,60139
827,2006,HI,73699
828,2006,ID,56323
829,2006,IL,59319
830,2006,IN,55341
831,2006,IA,58655
832,2006,KS,55517
833,2006,LA,44471
834,2006,KY,48123
835,2006,ME,55627
836,2006,MD,77597
837,2006,MA,67435
838,2006,MI,59290
839,2006,MN,68508
840,2006,MS,42332
841,2006,MO,54332
842,2006,MT,50098
843,2006,NE,58678
844,2006,NV,63720
845,2006,NH,75527
846,2006,NJ,82948
847,2006,NM,48785
848,2006,NY,58772
849,2006,NC,48503
850,2006,ND,50027
851,2006,OH,55942
852,2006,OK,47335
853,2006,OR,57393
854,2006,PA,59082
855,2006,RI,65492
856,2006,SC,48284
857,2006,SD,55365
858,2006,TN,49595
859,2006,TX,52781
860,2006,UT,66579
861,2006,VT,63353
862,2006,VA,69615
863,2006,WA,66695
864,2006,WV,46824
865,2006,WI,63001
866,2006,WY,57332
867,2007,AL,50028
868,2007,AK,74657
869,2007,AZ,55957
870,2007,AR,48349
871,2007,CA,66054
872,2007,CO,72462
873,2007,CT,76017
874,2007,DE,64697
875,2007,D.C,60186
876,2007,FL,54273
877,2007,GA,57647
878,2007,HI,75876
879,2007,ID,58291
880,2007,IL,62228
881,2007,IN,56239
882,2007,IA,57964
883,2007,KS,57477
884,2007,LA,48963
885,2007,KY,46757
886,2007,ME,56762
887,2007,MD,77782
888,2007,MA,69288
889,2007,MI,58511
890,2007,MN,68808
891,2007,MS,44182
892,2007,MO,54523
893,2007,MT,51738
894,2007,NE,58279
895,2007,NV,64067
896,2007,NH,80088
897,2007,NJ,71712
898,2007,NM,52569
899,2007,NY,58007
900,2007,NC,51570
901,2007,ND,55946
902,2007,OH,58190
903,2007,OK,51218
904,2007,OR,59538
905,2007,PA,57406
906,2007,RI,64248
907,2007,SC,52400
908,2007,SD,55013
909,2007,TN,48823
910,2007,TX,54580
911,2007,UT,63440
912,2007,VT,56165
913,2007,VA,70115
914,2007,WA,68834
915,2007,WV,49885
916,2007,WI,60771
917,2007,WY,57769
918,2008,AL,50761
919,2008,AK,73032
920,2008,AZ,53544
921,2008,AR,45180
922,2008,CA,65071
923,2008,CO,69556
924,2008,CT,73823
925,2008,DE,57867
926,2008,D.C,63446
927,2008,FL,51196
928,2008,GA,52760
929,2008,HI,70215
930,2008,ID,54121
931,2008,IL,60780
932,2008,IN,53094
933,2008,IA,57228
934,2008,KS,54643
935,2008,LA,45154
936,2008,KY,46963
937,2008,ME,53902
938,2008,MD,72715
939,2008,MA,68845
940,2008,MI,56824
941,2008,MN,62687
942,2008,MS,41597
943,2008,MO,52544
944,2008,MT,48963
945,2008,NE,57897
946,2008,NV,62481
947,2008,NH,75528
948,2008,NJ,74535
949,2008,NM,48052
950,2008,NY,57592
951,2008,NC,48997
952,2008,ND,56645
953,2008,OH,53567
954,2008,OK,52627
955,2008,OR,59037
956,2008,PA,58666
957,2008,RI,60765
958,2008,SC,48112
959,2008,SD,58892
960,2008,TN,45313
961,2008,TX,53060
962,2008,UT,71375
963,2008,VT,57872
964,2008,VA,70745
965,2008,WA,64634
966,2008,WV,43363
967,2008,WI,58436
968,2008,WY,60875
969,2009,AL,45789
970,2009,AK,70555
971,2009,AZ,52385
972,2009,AR,41847
973,2009,CA,64291
974,2009,CO,64057
975,2009,CT,74274
976,2009,DE,59686
977,2009,D.C,60863
978,2009,FL,52261
979,2009,GA,49638
980,2009,HI,63735
981,2009,ID,53575
982,2009,IL,60552
983,2009,IN,50743
984,2009,IA,58091
985,2009,KS,51215
986,2009,LA,52035
987,2009,KY,48863
988,2009,ME,54404
989,2009,MD,73513
990,2009,MA,68000
991,2009,MI,52677
992,2009,MN,64240
993,2009,MS,40175
994,2009,MO,55855
995,2009,MT,46313
996,2009,NE,56801
997,2009,NV,58908
998,2009,NH,73450
999,2009,NJ,74189
1000,2009,NM,49869
1001,2009,NY,57513
1002,2009,NC,47995
1003,2009,ND,57351
1004,2009,OH,52545
1005,2009,OK,52544
1006,2009,OR,56232
1007,2009,PA,55172
1008,2009,RI,59137
1009,2009,SC,47073
1010,2009,SD,52485
1011,2009,TN,46404
1012,2009,TX,54373
1013,2009,UT,66990
1014,2009,VT,59920
1015,2009,VA,69292
1016,2009,WA,69167
1017,2009,WV,46373
1018,2009,WI,58682
1019,2009,WY,60094
1020,2010,AL,46120
1021,2010,AK,65178
1022,2010,AZ,52839
1023,2010,AR,43477
1024,2010,CA,61162
1025,2010,CO,67866
1026,2010,CT,74361
1027,2010,DE,62211
1028,2010,D.C,64142
1029,2010,FL,49650
1030,2010,GA,49707
1031,2010,HI,67084
1032,2010,ID,53012
1033,2010,IL,57156
1034,2010,IN,51986
1035,2010,IA,55227
1036,2010,KS,51890
1037,2010,LA,44280
1038,2010,KY,46313
1039,2010,ME,54005
1040,2010,MD,72336
1041,2010,MA,68655
1042,2010,MI,52140
1043,2010,MN,58951
1044,2010,MS,42996
1045,2010,MO,51623
1046,2010,MT,46511
1047,2010,NE,59157
1048,2010,NV,57688
1049,2010,NH,75077
1050,2010,NJ,70947
1051,2010,NM,50853
1052,2010,NY,56089
1053,2010,NC,49384
1054,2010,ND,57469
1055,2010,OH,51701
1056,2010,OK,48565
1057,2010,OR,57014
1058,2010,PA,54436
1059,2010,RI,58164
1060,2010,SC,46982
1061,2010,SD,51099
1062,2010,TN,43481
1063,2010,TX,53255
1064,2010,UT,63886
1065,2010,VT,63015
1066,2010,VA,68017
1067,2010,WA,63280
1068,2010,WV,48198
1069,2010,WI,56731
1070,2010,WY,58816
1071,2011,AL,46520
1072,2011,AK,62731
1073,2011,AZ,53108
1074,2011,AR,45114
1075,2011,CA,58292
1076,2011,CO,64040
1077,2011,CT,71452
1078,2011,DE,59704
1079,2011,D.C,60350
1080,2011,FL,49267
1081,2011,GA,50216
1082,2011,HI,64496
1083,2011,ID,51839
1084,2011,IL,55310
1085,2011,IN,48547
1086,2011,IA,54853
1087,2011,KS,50406
1088,2011,LA,44410
1089,2011,KY,43534
1090,2011,ME,54279
1091,2011,MD,75232
1092,2011,MA,69156
1093,2011,MI,53390
1094,2011,MN,63156
1095,2011,MS,44882
1096,2011,MO,49998
1097,2011,MT,43994
1098,2011,NE,60748
1099,2011,NV,51384
1100,2011,NH,71960
1101,2011,NJ,68091
1102,2011,NM,45856
1103,2011,NY,55309
1104,2011,NC,49378
1105,2011,ND,61562
1106,2011,OH,48768
1107,2011,OK,52927
1108,2011,OR,56281
1109,2011,PA,54516
1110,2011,RI,53558
1111,2011,SC,43783
1112,2011,SD,51581
1113,2011,TN,46181
1114,2011,TX,53573
1115,2011,UT,60614
1116,2011,VT,56648
1117,2011,VA,68394
1118,2011,WA,62096
1119,2011,WV,45680
1120,2011,WI,56862
1121,2011,WY,59539
1122,2012,AL,46490
1123,2012,AK,68080
1124,2012,AZ,50320
1125,2012,AR,41735
1126,2012,CA,60990
1127,2012,CO,61242
1128,2012,CT,68720
1129,2012,DE,52382
1130,2012,D.C,69789
1131,2012,FL,49279
1132,2012,GA,51472
1133,2012,HI,60181
1134,2012,ID,51259
1135,2012,IL,55340
1136,2012,IN,49372
1137,2012,IA,57163
1138,2012,KS,53485
1139,2012,LA,41806
1140,2012,KY,43947
1141,2012,ME,52581
1142,2012,MD,76838
1143,2012,MA,68088
1144,2012,MI,53498
1145,2012,MN,66098
1146,2012,MS,39192
1147,2012,MO,53229
1148,2012,MT,48227
1149,2012,NE,55830
1150,2012,NV,50629
1151,2012,NH,72541
1152,2012,NJ,71336
1153,2012,NM,46448
1154,2012,NY,51000
1155,2012,NC,44446
1156,2012,ND,59649
1157,2012,OH,47465
1158,2012,OK,51778
1159,2012,OR,55380
1160,2012,PA,55518
1161,2012,RI,59969
1162,2012,SC,47493
1163,2012,SD,52856
1164,2012,TN,45989
1165,2012,TX,55542
1166,2012,UT,62403
1167,2012,VT,59452
1168,2012,VA,69132
1169,2012,WA,66517
1170,2012,WV,46586
1171,2012,WI,56775
1172,2012,WY,61517
1173,2013,AL,43616
1174,2013,AK,76387
1175,2013,AZ,55453
1176,2013,AR,42075
1177,2013,CA,64078
1178,2013,CO,71580
1179,2013,CT,73034
1180,2013,DE,57013
1181,2013,D.C,63952
1182,2013,FL,51153
1183,2013,GA,50001
1184,2013,HI,67705
1185,2013,ID,54563
1186,2013,IL,56850
1187,2013,IL,60285
1188,2013,IN,53284
1189,2013,IA,63405
1190,2013,KS,54266
1191,2013,LA,48933
1192,2013,KY,47303
1193,2013,ME,57925
1194,2013,ME,52828
1195,2013,MD,73099
1196,2013,MA,66364
1197,2013,MI,59622
1198,2013,MN,67798
1199,2013,MS,43056
1200,2013,MO,53029
1201,2013,MT,46516
1202,2013,NE,60735
1203,2013,NV,54646
1204,2013,NH,75174
1205,2013,NJ,67198
1206,2013,NM,44402
1207,2013,NY,56751
1208,2013,NC,48840
1209,2013,ND,62347
1210,2013,OH,53489
1211,2013,OK,48655
1212,2013,OR,59348
1213,2013,PA,58135
1214,2013,RI,60935
1215,2013,SC,46112
1216,2013,SD,57394
1217,2013,TN,45703
1218,2013,TX,55891
1219,2013,UT,66368
1220,2013,VT,69052
1221,2013,VA,71272
1222,2013,WA,67375
1223,2013,WV,45395
1224,2013,WI,58243
1225,2013,WY,71084
1226,2014,AL,43820
1227,2014,AK,70095
1228,2014,AZ,51050
1229,2014,AR,46560
1230,2014,CA,62693
1231,2014,CO,63162
1232,2014,CT,72719
1233,2014,DE,59619
1234,2014,D.C,70767
1235,2014,FL,47822
1236,2014,GA,51362
1237,2014,HI,73820
1238,2014,ID,55387
1239,2014,IL,56918
1240,2014,IN,49812
1241,2014,IA,59918
1242,2014,KS,55393
1243,2014,LA,43952
1244,2014,KY,44346
1245,2014,ME,53595
1246,2014,MD,78942
1247,2014,MA,65454
1248,2014,MI,53901
1249,2014,MN,69696
1250,2014,MS,36816
1251,2014,MO,58695
1252,2014,MT,52965
1253,2014,NE,58944
1254,2014,NV,51694
1255,2014,NH,76073
1256,2014,NJ,67622
1257,2014,NM,48388
1258,2014,NY,56290
1259,2014,NC,48490
1260,2014,ND,62944
1261,2014,OH,51454
1262,2014,OK,48920
1263,2014,OR,61022
1264,2014,PA,57185
1265,2014,RI,60771
1266,2014,SC,46567
1267,2014,SD,54987
1268,2014,TN,45310
1269,2014,TX,55839
1270,2014,UT,65694
1271,2014,VT,62922
1272,2014,VA,68567
1273,2014,WA,61222
1274,2014,WV,40994
1275,2014,WI,60198
1276,2014,WY,57721
1277,2015,AL,46053
1278,2015,AK,77717
1279,2015,AZ,54060
1280,2015,AR,44282
1281,2015,CA,65843
1282,2015,CO,68906
1283,2015,CT,75417
1284,2015,DE,59759
1285,2015,D.C,72501
1286,2015,FL,50518
1287,2015,GA,52529
1288,2015,HI,66751
1289,2015,ID,53414
1290,2015,IL,62508
1291,2015,IN,53786
1292,2015,IA,62965
1293,2015,KS,56768
1294,2015,LA,47515
1295,2015,KY,43857
1296,2015,ME,52516
1297,2015,MD,76146
1298,2015,MA,70214
1299,2015,MI,56083
1300,2015,MN,71114
1301,2015,MS,41426
1302,2015,MO,61249
1303,2015,MT,53177
1304,2015,NE,62571
1305,2015,NV,53812
1306,2015,NH,78299
1307,2015,NJ,70728
1308,2015,NM,46684
1309,2015,NY,60017
1310,2015,NC,52559
1311,2015,ND,59406
1312,2015,OH,55150
1313,2015,OK,48710
1314,2015,OR,62944
1315,2015,PA,62483
1316,2015,RI,57633
1317,2015,SC,47968
1318,2015,SD,56975
1319,2015,TN,48971
1320,2015,TX,58432
1321,2015,UT,68556
1322,2015,VT,61557
1323,2015,VA,63618
1324,2015,WA,69575
1325,2015,WV,44309
1326,2015,WI,57347
1327,2015,WY,63038
1328,2016,AL,48237
1329,2016,AK,77351
1330,2016,AZ,58328
1331,2016,AR,46894
1332,2016,CA,68070
1333,2016,CO,72084
1334,2016,CT,77556
1335,2016,DE,59294
1336,2016,D.C,72508
1337,2016,FL,52277
1338,2016,GA,54678
1339,2016,HI,73684
1340,2016,ID,57780
1341,2016,IL,62706
1342,2016,IN,57300
1343,2016,IA,60365
1344,2016,KS,58032
1345,2016,LA,43103
1346,2016,KY,46345
1347,2016,ME,51950
1348,2016,MD,75346
1349,2016,MA,73820
1350,2016,MI,58319
1351,2016,MN,71728
1352,2016,MS,41983
1353,2016,MO,56199
1354,2016,MT,58302
1355,2016,NE,60651
1356,2016,NV,56623
1357,2016,NH,77900
1358,2016,NJ,69940
1359,2016,NM,49493
1360,2016,NY,62758
1361,2016,NC,54920
1362,2016,ND,61478
1363,2016,OH,55146
1364,2016,OK,52039
1365,2016,OR,60407
1366,2016,PA,62290
1367,2016,RI,62851
1368,2016,SC,55505
1369,2016,SD,58685
1370,2016,TN,52448
1371,2016,TX,59396
1372,2016,UT,68932
1373,2016,VT,62145
1374,2016,VA,67880
1375,2016,WA,71822
1376,2016,WV,45308
1377,2016,WI,61103
1378,2016,WY,59073
1379,2017,AL,51113
1380,2017,AK,72231
1381,2017,AZ,61125
1382,2017,AR,48829
1383,2017,CA,69759
1384,2017,CO,74172
1385,2017,CT,72780
1386,2017,DE,62318
1387,2017,D.C,83382
1388,2017,FL,53681
1389,2017,GA,57016
1390,2017,HI,73575
1391,2017,ID,60208
1392,2017,IL,64609
1393,2017,IN,58873
1394,2017,IA,63481
1395,2017,KS,57872
1396,2017,LA,43903
1397,2017,KY,51348
1398,2017,ME,51664
1399,2017,MD,81084
1400,2017,MA,73227
1401,2017,MI,57700
1402,2017,MN,71920
1403,2017,MS,43441
1404,2017,MO,56885
1405,2017,MT,59087
1406,2017,NE,59619
1407,2017,NV,56550
1408,2017,NH,74801
1409,2017,NJ,72997
1410,2017,NM,47855
1411,2017,NY,62447
1412,2017,NC,50343
1413,2017,ND,59886
1414,2017,OH,59768
1415,2017,OK,55006
1416,2017,OR,64610
1417,2017,PA,63173
1418,2017,RI,66390
1419,2017,SC,54971
1420,2017,SD,56894
1421,2017,TN,55240
1422,2017,TX,59295
1423,2017,UT,71319
1424,2017,VT,63805
1425,2017,VA,71293
1426,2017,WA,75418
1427,2017,WV,45392
1428,2017,WI,63451
1429,2017,WY,57837
