,year_population,state_id,population
0,1990,AL,4050055
1,1991,AL,4099156
2,1992,AL,4154014
3,1993,AL,4214202
4,1994,AL,4260229
5,1995,AL,4296800
6,1996,AL,4331102
7,1997,AL,4367935
8,1998,AL,4404701
9,1999,AL,4430141
10,1990,AK,553290
11,1991,AK,570193
12,1992,AK,588736
13,1993,AK,599432
14,1994,AK,603308
15,1995,AK,604412
16,1996,AK,608569
17,1997,AK,612968
18,1998,AK,619932
19,1999,AK,624779
20,1990,AZ,3684097
21,1991,AZ,3788576
22,1992,AZ,3915740
23,1993,AZ,4065440
24,1994,AZ,4245089
25,1995,AZ,4432499
26,1996,AZ,4586940
27,1997,AZ,4736990
28,1998,AZ,4883342
29,1999,AZ,5023823
30,1990,AR,2356586
31,1991,AR,2383144
32,1992,AR,2415984
33,1993,AR,2456303
34,1994,AR,2494019
35,1995,AR,2535399
36,1996,AR,2572109
37,1997,AR,2601090
38,1998,AR,2626289
39,1999,AR,2651860
40,1990,CA,29959515
41,1991,CA,30470736
42,1992,CA,30974659
43,1993,CA,31274928
44,1994,CA,31484435
45,1995,CA,31696582
46,1996,CA,32018834
47,1997,CA,32486010
48,1998,CA,32987675
49,1999,CA,33499204
50,1990,CO,3307618
51,1991,CO,3387119
52,1992,CO,3495939
53,1993,CO,3613734
54,1994,CO,3724168
55,1995,CO,3826653
56,1996,CO,3919972
57,1997,CO,4018293
58,1998,CO,4116639
59,1999,CO,4226018
60,1990,CT,3307618
61,1991,CT,3387119
62,1992,CT,3495939
63,1993,CT,3613734
64,1994,CT,3724168
65,1995,CT,3826653
66,1996,CT,3919972
67,1997,CT,4018293
68,1998,CT,4116639
69,1999,CT,4226018
70,1990,DE,669567
71,1991,DE,683080
72,1992,DE,694925
73,1993,DE,706378
74,1994,DE,717545
75,1995,DE,729734
76,1996,DE,740977
77,1997,DE,751487
78,1998,DE,763335
79,1999,DE,774990
80,1990,D.C,605321
81,1991,D.C,600870
82,1992,D.C,597565
83,1993,D.C,595301
84,1994,D.C,589239
85,1995,D.C,580517
86,1996,D.C,572377
87,1997,D.C,567736
88,1998,D.C,565230
89,1999,D.C,570213
90,1990,FL,13033307
91,1991,FL,13369798
92,1992,FL,13650553
93,1993,FL,13927185
94,1994,FL,14239444
95,1995,FL,14537875
96,1996,FL,14853360
97,1997,FL,15186304
98,1998,FL,15486559
99,1999,FL,15759421
100,1990,GA,6512602
101,1991,GA,6653005
102,1992,GA,6817203
103,1993,GA,6978240
104,1994,GA,7157165
105,1995,GA,7328413
106,1996,GA,7501069
107,1997,GA,7685099
108,1998,GA,7863536
109,1999,GA,8045965
110,1990,HI,1113491
111,1991,HI,1136754
112,1992,HI,1158613
113,1993,HI,1172838
114,1994,HI,1187536
115,1995,HI,1196854
116,1996,HI,1203755
117,1997,HI,1211640
118,1998,HI,1215233
119,1999,HI,1210300
120,1990,ID,1012384
121,1991,ID,1041316
122,1992,ID,1071685
123,1993,ID,1108768
124,1994,ID,1145140
125,1995,ID,1177322
126,1996,ID,1203083
127,1997,ID,1228520
128,1998,ID,1252330
129,1999,ID,1275674
130,1990,IL,11453316
131,1991,IL,11568964
132,1992,IL,11694184
133,1993,IL,11809579
134,1994,IL,11912585
135,1995,IL,12008437
136,1996,IL,12101997
137,1997,IL,12185715
138,1998,IL,12271847
139,1999,IL,12359020
140,1990,IN,5557798
141,1991,IN,5616388
142,1992,IN,5674547
143,1993,IN,5739019
144,1994,IN,5793526
145,1995,IN,5851459
146,1996,IN,5906013
147,1997,IN,5955267
148,1998,IN,5998880
149,1999,IN,6044969
150,1990,IA,2781018
151,1991,IA,2797613
152,1992,IA,2818401
153,1993,IA,2836972
154,1994,IA,2850746
155,1995,IA,2867373
156,1996,IA,2880000
157,1997,IA,2891119
158,1998,IA,2902872
159,1999,IA,2917634
160,1990,KS,2481349
161,1991,KS,2498722
162,1992,KS,2532394
163,1993,KS,2556547
164,1994,KS,2580513
165,1995,KS,2601007
166,1996,KS,2614554
167,1997,KS,2635292
168,1998,KS,2660598
169,1999,KS,2678338
170,1990,KY,3694048
171,1991,KY,3722328
172,1992,KY,3765469
173,1993,KY,3812206
174,1994,KY,3849088
175,1995,KY,3887427
176,1996,KY,3919535
177,1997,KY,3952747
178,1998,KY,3985390
179,1999,KY,4018053
180,1990,LA,4221532
181,1991,LA,4253279
182,1992,LA,4293003
183,1993,LA,4316428
184,1994,LA,4347481
185,1995,LA,4378779
186,1996,LA,4398877
187,1997,LA,4421071
188,1998,LA,4440344
189,1999,LA,4460811
190,1990,ME,1231719
191,1991,ME,1237081
192,1992,ME,1238508
193,1993,ME,1242302
194,1994,ME,1242662
195,1995,ME,1243480
196,1996,ME,1249060
197,1997,ME,1254774
198,1998,ME,1259127
199,1999,ME,1266808
200,1990,MD,4799770
201,1991,MD,4867641
202,1992,MD,4923368
203,1993,MD,4971889
204,1994,MD,5023060
205,1995,MD,5070033
206,1996,MD,5111986
207,1997,MD,5157328
208,1998,MD,5204464
209,1999,MD,5254509
210,1990,MA,6022639
211,1991,MA,6018470
212,1992,MA,6028709
213,1993,MA,6060569
214,1994,MA,6095241
215,1995,MA,6141445
216,1996,MA,6179756
217,1997,MA,6226058
218,1998,MA,6271838
219,1999,MA,6317345
220,1990,MI,9311319
221,1991,MI,9400446
222,1992,MI,9479065
223,1993,MI,9540114
224,1994,MI,9597737
225,1995,MI,9676211
226,1996,MI,9758645
227,1997,MI,9809051
228,1998,MI,9847942
229,1999,MI,9897116
230,1990,MN,4389857
231,1991,MN,4440859
232,1992,MN,4495572
233,1993,MN,4555954
234,1994,MN,4610355
235,1995,MN,4660180
236,1996,MN,4712827
237,1997,MN,4763390
238,1998,MN,4813412
239,1999,MN,4873481
240,1990,MS,2578897
241,1991,MS,2598733
242,1992,MS,2623734
243,1993,MS,2655100
244,1994,MS,2688992
245,1995,MS,2722659
246,1996,MS,2748085
247,1997,MS,2777004
248,1998,MS,2804834
249,1999,MS,2828408
250,1990,MO,5128880
251,1991,MO,5170800
252,1992,MO,5217101
253,1993,MO,5271175
254,1994,MO,5324497
255,1995,MO,5378247
256,1996,MO,5431553
257,1997,MO,5481193
258,1998,MO,5521765
259,1999,MO,5561948
260,1990,MT,800204
261,1991,MT,809680
262,1992,MT,825770
263,1993,MT,844761
264,1994,MT,861306
265,1995,MT,876553
266,1996,MT,886254
267,1997,MT,889865
268,1998,MT,892431
269,1999,MT,897507
270,1990,NE,1581660
271,1991,NE,1595919
272,1992,NE,1611687
273,1993,NE,1625590
274,1994,NE,1639041
275,1995,NE,1656992
276,1996,NE,1673740
277,1997,NE,1686418
278,1998,NE,1695816
279,1999,NE,1704764
280,1990,NV,1220695
281,1991,NV,1296171
282,1992,NV,1351367
283,1993,NV,1411215
284,1994,NV,1499298
285,1995,NV,1581578
286,1996,NV,1666320
287,1997,NV,1764104
288,1998,NV,1853191
289,1999,NV,1934718
290,1990,NH,1112384
291,1991,NH,1109929
292,1992,NH,1117784
293,1993,NH,1129458
294,1994,NH,1142560
295,1995,NH,1157561
296,1996,NH,1174719
297,1997,NH,1189425
298,1998,NH,1205940
299,1999,NH,1222014
300,1990,NJ,7762963
301,1991,NJ,7814676
302,1992,NJ,7880508
303,1993,NJ,7948915
304,1994,NJ,8014306
305,1995,NJ,8083242
306,1996,NJ,8149596
307,1997,NJ,8218808
308,1998,NJ,8287418
309,1999,NJ,8359592
310,1990,NM,1521574
311,1991,NM,1555305
312,1992,NM,1595442
313,1993,NM,1636453
314,1994,NM,1682398
315,1995,NM,1720394
316,1996,NM,1752326
317,1997,NM,1774839
318,1998,NM,1793484
319,1999,NM,1808082
320,1990,NY,18020784
321,1991,NY,18122510
322,1992,NY,18246653
323,1993,NY,18374954
324,1994,NY,18459470
325,1995,NY,18524104
326,1996,NY,18588460
327,1997,NY,18656546
328,1998,NY,18755906
329,1999,NY,18882725
330,1990,NC,6664016
331,1991,NC,6784280
332,1992,NC,6897214
333,1993,NC,7042818
334,1994,NC,7187398
335,1995,NC,7344674
336,1996,NC,7500670
337,1997,NC,7656825
338,1998,NC,7809121
339,1999,NC,7949361
340,1990,ND,637685
341,1991,ND,635753
342,1992,ND,638223
343,1993,ND,641216
344,1994,ND,644804
345,1995,ND,647832
346,1996,ND,650382
347,1997,ND,649716
348,1998,ND,647532
349,1999,ND,644259
350,1990,OH,10864162
351,1991,OH,10945762
352,1992,OH,11029431
353,1993,OH,11101140
354,1994,OH,11152454
355,1995,OH,11202751
356,1996,OH,11242827
357,1997,OH,11277357
358,1998,OH,11311536
359,1999,OH,11335454
360,1990,OK,3148825
361,1991,OK,3175440
362,1992,OK,3220517
363,1993,OK,3252285
364,1994,OK,3280940
365,1995,OK,3308208
366,1996,OK,3340129
367,1997,OK,3372917
368,1998,OK,3405194
369,1999,OK,3437147
370,1990,OR,2860375
371,1991,OR,2928507
372,1992,OR,2991755
373,1993,OR,3060367
374,1994,OR,3121264
375,1995,OR,3184369
376,1996,OR,3247111
377,1997,OR,3304310
378,1998,OR,3352449
379,1999,OR,3393941
380,1990,PA,11903299
381,1991,PA,11982164
382,1992,PA,12049450
383,1993,PA,12119724
384,1994,PA,12166050
385,1995,PA,12198403
386,1996,PA,12220464
387,1997,PA,12227814
388,1998,PA,12245672
389,1999,PA,12263805
390,1990,RI,1005995
391,1991,RI,1010649
392,1992,RI,1012581
393,1993,RI,1015112
394,1994,RI,1015960
395,1995,RI,1017002
396,1996,RI,1020893
397,1997,RI,1025353
398,1998,RI,1031155
399,1999,RI,1040402
400,1990,SC,3501155
401,1991,SC,3570404
402,1992,SC,3620464
403,1993,SC,3663314
404,1994,SC,3705397
405,1995,SC,3748582
406,1996,SC,3796200
407,1997,SC,3859696
408,1998,SC,3919235
409,1999,SC,3974682
410,1990,SD,697101
411,1991,SD,703669
412,1992,SD,712801
413,1993,SD,722159
414,1994,SD,730790
415,1995,SD,737925
416,1996,SD,742213
417,1997,SD,744223
418,1998,SD,746058
419,1999,SD,750412
420,1990,TN,4894492
421,1991,TN,4966587
422,1992,TN,5049742
423,1993,TN,5137584
424,1994,TN,5231438
425,1995,TN,5326936
426,1996,TN,5416643
427,1997,TN,5499233
428,1998,TN,5570045
429,1999,TN,5638706
430,1990,TX,17056755
431,1991,TX,17398005
432,1992,TX,17759738
433,1993,TX,18161612
434,1994,TX,18564062
435,1995,TX,18958751
436,1996,TX,19340342
437,1997,TX,19740317
438,1998,TX,20157531
439,1999,TX,20558220
440,1990,UT,1731223
441,1991,UT,1779780
442,1992,UT,1836799
443,1993,UT,1898404
444,1994,UT,1960446
445,1995,UT,2014177
446,1996,UT,2067976
447,1997,UT,2119784
448,1998,UT,2165960
449,1999,UT,2203482
450,1990,VT,564798
451,1991,VT,568606
452,1992,VT,572751
453,1993,VT,577748
454,1994,VT,583836
455,1995,VT,589002
456,1996,VT,593701
457,1997,VT,597239
458,1998,VT,600416
459,1999,VT,604683
460,1990,VA,6216884
461,1991,VA,6301217
462,1992,VA,6414307
463,1993,VA,6509630
464,1994,VA,6593139
465,1995,VA,6670693
466,1996,VA,6750884
467,1997,VA,6829183
468,1998,VA,6900918
469,1999,VA,7000174
470,1990,WA,4903043
471,1991,WA,5025624
472,1992,WA,5160757
473,1993,WA,5278842
474,1994,WA,5375161
475,1995,WA,5481027
476,1996,WA,5569753
477,1997,WA,5674747
478,1998,WA,5769562
479,1999,WA,5842564
480,1990,WV,1792548
481,1991,WV,1798735
482,1992,WV,1806451
483,1993,WV,1817539
484,1994,WV,1820421
485,1995,WV,1823700
486,1996,WV,1822808
487,1997,WV,1819113
488,1998,WV,1815609
489,1999,WV,1811799
490,1990,WI,4904562
491,1991,WI,4964343
492,1992,WI,5025398
493,1993,WI,5084889
494,1994,WI,5133678
495,1995,WI,5184836
496,1996,WI,5229986
497,1997,WI,5266213
498,1998,WI,5297672
499,1999,WI,5332666
500,1990,WY,453690
501,1991,WY,459260
502,1992,WY,466251
503,1993,WY,473081
504,1994,WY,480283
505,1995,WY,485160
506,1996,WY,488167
507,1997,WY,489451
508,1998,WY,490787
509,1999,WY,491780
510,2000,AL,4452173
511,2001,AL,4467634
512,2002,AL,4480089
513,2003,AL,4503491
514,2004,AL,4530729
515,2005,AL,4569805
516,2006,AL,4628981
517,2007,AL,4672840
518,2008,AL,4718206
519,2009,AL,4757938
520,2000,AK,627963
521,2001,AK,633714
522,2002,AK,642337
523,2003,AK,648414
524,2004,AK,659286
525,2005,AK,666946
526,2006,AK,675302
527,2007,AK,680300
528,2008,AK,687455
529,2009,AK,698895
530,2000,AZ,5160586
531,2001,AZ,5273477
532,2002,AZ,5396255
533,2003,AZ,5510364
534,2004,AZ,5652404
535,2005,AZ,5839077
536,2006,AZ,6029141
537,2007,AZ,6167681
538,2008,AZ,6280362
539,2009,AZ,6343154
540,2000,AR,2678588
541,2001,AR,2691571
542,2002,AR,2705927
543,2003,AR,2724816
544,2004,AR,2749686
545,2005,AR,2781097
546,2006,AR,2821761
547,2007,AR,2848650
548,2008,AR,2874554
549,2009,AR,2896843
550,2000,CA,33987977
551,2001,CA,34479458
552,2002,CA,34871843
553,2003,CA,35253159
554,2004,CA,35574576
555,2005,CA,35827943
556,2006,CA,36021202
557,2007,CA,36250311
558,2008,CA,36604337
559,2009,CA,36961229
560,2000,CO,4326921
561,2001,CO,4425687
562,2002,CO,4490406
563,2003,CO,4528732
564,2004,CO,4575013
565,2005,CO,4631888
566,2006,CO,4720423
567,2007,CO,4803868
568,2008,CO,4889730
569,2009,CO,4972195
570,2000,CT,3411777
571,2001,CT,3432835
572,2002,CT,3458749
573,2003,CT,3484336
574,2004,CT,3496094
575,2005,CT,3506956
576,2006,CT,3517460
577,2007,CT,3527270
578,2008,CT,3545579
579,2009,CT,3561807
580,2000,DE,786373
581,2001,DE,795699
582,2002,DE,806169
583,2003,DE,818003
584,2004,DE,830803
585,2005,DE,845150
586,2006,DE,859268
587,2007,DE,871749
588,2008,DE,883874
589,2009,DE,891730
590,2000,D.C,572046
591,2001,D.C,574504
592,2002,D.C,573158
593,2003,D.C,568502
594,2004,D.C,567754
595,2005,D.C,567136
596,2006,D.C,570681
597,2007,D.C,574404
598,2008,D.C,580236
599,2009,D.C,592228
600,2000,FL,16047515
601,2001,FL,16356966
602,2002,FL,16689370
603,2003,FL,17004085
604,2004,FL,17415318
605,2005,FL,17842038
606,2006,FL,18166990
607,2007,FL,18367842
608,2008,FL,18527305
609,2009,FL,18652644
610,2000,GA,8227303
611,2001,GA,8377038
612,2002,GA,8508256
613,2003,GA,8622793
614,2004,GA,8769252
615,2005,GA,8925922
616,2006,GA,9155813
617,2007,GA,9349988
618,2008,GA,9504843
619,2009,GA,9620846
620,2000,HI,1213519
621,2001,HI,1225948
622,2002,HI,1239613
623,2003,HI,1251154
624,2004,HI,1273569
625,2005,HI,1292729
626,2006,HI,1309731
627,2007,HI,1315675
628,2008,HI,1332213
629,2009,HI,1346717
630,2000,ID,1299430
631,2001,ID,1319962
632,2002,ID,1340372
633,2003,ID,1363380
634,2004,ID,1391802
635,2005,ID,1428241
636,2006,ID,1468669
637,2007,ID,1505105
638,2008,ID,1534320
639,2009,ID,1554439
640,2000,IL,12434161
641,2001,IL,12488445
642,2002,IL,12525556
643,2003,IL,12556006
644,2004,IL,12589773
645,2005,IL,12609903
646,2006,IL,12643955
647,2007,IL,12695866
648,2008,IL,12747038
649,2009,IL,12796778
650,2000,IN,6091866
651,2001,IN,6127760
652,2002,IN,6155967
653,2003,IN,6196638
654,2004,IN,6233007
655,2005,IN,6278616
656,2006,IN,6332669
657,2007,IN,6379599
658,2008,IN,6424806
659,2009,IN,6459325
660,2000,IA,2929067
661,2001,IA,2931997
662,2002,IA,2934234
663,2003,IA,2941999
664,2004,IA,2953635
665,2005,IA,2964454
666,2006,IA,2982644
667,2007,IA,2999212
668,2008,IA,3016734
669,2009,IA,3032870
670,2000,KS,2693681
671,2001,KS,2702162
672,2002,KS,2713535
673,2003,KS,2723004
674,2004,KS,2734373
675,2005,KS,2745299
676,2006,KS,2762931
677,2007,KS,2783785
678,2008,KS,2808076
679,2009,KS,2832704
680,2000,KY,4049021
681,2001,KY,4068132
682,2002,KY,4089875
683,2003,KY,4117170
684,2004,KY,4146101
685,2005,KY,4182742
686,2006,KY,4219239
687,2007,KY,4256672
688,2008,KY,4289878
689,2009,KY,4317074
690,2000,LA,4471885
691,2001,LA,4477875
692,2002,LA,4497267
693,2003,LA,4521042
694,2004,LA,4552238
695,2005,LA,4576628
696,2006,LA,4302665
697,2007,LA,4375581
698,2008,LA,4435586
699,2009,LA,4491648
700,2000,ME,1277072
701,2001,ME,1285692
702,2002,ME,1295960
703,2003,ME,1306513
704,2004,ME,1313688
705,2005,ME,1318787
706,2006,ME,1323619
707,2007,ME,1327040
708,2008,ME,1330509
709,2009,ME,1329590
710,2000,MD,5311034
711,2001,MD,5374691
712,2002,MD,5440389
713,2003,MD,5496269
714,2004,MD,5546935
715,2005,MD,5592379
716,2006,MD,5627367
717,2007,MD,5653408
718,2008,MD,5684965
719,2009,MD,5730388
720,2000,MA,6361104
721,2001,MA,6397634
722,2002,MA,6417206
723,2003,MA,6422565
724,2004,MA,6412281
725,2005,MA,6403290
726,2006,MA,6410084
727,2007,MA,6431559
728,2008,MA,6468967
729,2009,MA,6517613
730,2000,MI,9952450
731,2001,MI,9991120
732,2002,MI,10015710
733,2003,MI,10041152
734,2004,MI,10055315
735,2005,MI,10051137
736,2006,MI,10036081
737,2007,MI,10001284
738,2008,MI,9946889
739,2009,MI,9901591
740,2000,MN,4933692
741,2001,MN,4982796
742,2002,MN,5018935
743,2003,MN,5053572
744,2004,MN,5087713
745,2005,MN,5119598
746,2006,MN,5163555
747,2007,MN,5207203
748,2008,MN,5247018
749,2009,MN,5281203
750,2000,MS,2848353
751,2001,MS,2852994
752,2002,MS,2858681
753,2003,MS,2868312
754,2004,MS,2889010
755,2005,MS,2905943
756,2006,MS,2904978
757,2007,MS,2928350
758,2008,MS,2947806
759,2009,MS,2958774
760,2000,MO,5607285
761,2001,MO,5641142
762,2002,MO,5674825
763,2003,MO,5709403
764,2004,MO,5747741
765,2005,MO,5790300
766,2006,MO,5842704
767,2007,MO,5887612
768,2008,MO,5923916
769,2009,MO,5961088
770,2000,MT,903773
771,2001,MT,906961
772,2002,MT,911667
773,2003,MT,919630
774,2004,MT,930009
775,2005,MT,940102
776,2006,MT,952692
777,2007,MT,964706
778,2008,MT,976415
779,2009,MT,983982
780,2000,NE,1713820
781,2001,NE,1719836
782,2002,NE,1728292
783,2003,NE,1738643
784,2004,NE,1749370
785,2005,NE,1761497
786,2006,NE,1772693
787,2007,NE,1783440
788,2008,NE,1796378
789,2009,NE,1812683
790,2000,NV,2018741
791,2001,NV,2098399
792,2002,NV,2173791
793,2003,NV,2248850
794,2004,NV,2346222
795,2005,NV,2432143
796,2006,NV,2522658
797,2007,NV,2601072
798,2008,NV,2653630
799,2009,NV,2684665
800,2000,NH,1239882
801,2001,NH,1255517
802,2002,NH,1269089
803,2003,NH,1279840
804,2004,NH,1290121
805,2005,NH,1298492
806,2006,NH,1308389
807,2007,NH,1312540
808,2008,NH,1315906
809,2009,NH,1316102
810,2000,NJ,8430621
811,2001,NJ,8492671
812,2002,NJ,8552643
813,2003,NJ,8601402
814,2004,NJ,8634561
815,2005,NJ,8651974
816,2006,NJ,8661679
817,2007,NJ,8677885
818,2008,NJ,8711090
819,2009,NJ,8755602
820,2000,NM,1821204
821,2001,NM,1831690
822,2002,NM,1855309
823,2003,NM,1877574
824,2004,NM,1903808
825,2005,NM,1932274
826,2006,NM,1962137
827,2007,NM,1990070
828,2008,NM,2010662
829,2009,NM,2036802
830,2000,NY,19001780
831,2001,NY,19082838
832,2002,NY,19137800
833,2003,NY,19175939
834,2004,NY,19171567
835,2005,NY,19132610
836,2006,NY,19104631
837,2007,NY,19132335
838,2008,NY,19212436
839,2009,NY,19307066
840,2000,NC,8081614
841,2001,NC,8210122
842,2002,NC,8326201
843,2003,NC,8422501
844,2004,NC,8553152
845,2005,NC,8705407
846,2006,NC,8917270
847,2007,NC,9118037
848,2008,NC,9309449
849,2009,NC,9449566
850,2000,ND,642023
851,2001,ND,639062
852,2002,ND,638168
853,2003,ND,638817
854,2004,ND,644705
855,2005,ND,646089
856,2006,ND,649422
857,2007,ND,652822
858,2008,ND,657569
859,2009,ND,664968
860,2000,OH,11363543
861,2001,OH,11387404
862,2002,OH,11407889
863,2003,OH,11434788
864,2004,OH,11452251
865,2005,OH,11463320
866,2006,OH,11481213
867,2007,OH,11500468
868,2008,OH,11515391
869,2009,OH,11528896
870,2000,OK,3454365
871,2001,OK,3467100
872,2002,OK,3489080
873,2003,OK,3504892
874,2004,OK,3525233
875,2005,OK,3548597
876,2006,OK,3594090
877,2007,OK,3634349
878,2008,OK,3668976
879,2009,OK,3717572
880,2000,OR,3429708
881,2001,OR,3467937
882,2002,OR,3513424
883,2003,OR,3547376
884,2004,OR,3569463
885,2005,OR,3613202
886,2006,OR,3670883
887,2007,OR,3722417
888,2008,OR,3768748
889,2009,OR,3808600
890,2000,PA,12284173
891,2001,PA,12298970
892,2002,PA,12331031
893,2003,PA,12374658
894,2004,PA,12410722
895,2005,PA,12449990
896,2006,PA,12510809
897,2007,PA,12563937
898,2008,PA,12612285
899,2009,PA,12666858
900,2000,RI,1050268
901,2001,RI,1057142
902,2002,RI,1065995
903,2003,RI,1071342
904,2004,RI,1074579
905,2005,RI,1067916
906,2006,RI,1063096
907,2007,RI,1057315
908,2008,RI,1055003
909,2009,RI,1053646
910,2000,SC,4024223
911,2001,SC,4064995
912,2002,SC,4107795
913,2003,SC,4150297
914,2004,SC,4210921
915,2005,SC,4270150
916,2006,SC,4357847
917,2007,SC,4444110
918,2008,SC,4528996
919,2009,SC,4589872
920,2000,SD,755844
921,2001,SD,757972
922,2002,SD,760020
923,2003,SD,763729
924,2004,SD,770396
925,2005,SD,775493
926,2006,SD,783033
927,2007,SD,791623
928,2008,SD,799124
929,2009,SD,807067
930,2000,TN,5703719
931,2001,TN,5750789
932,2002,TN,5795918
933,2003,TN,5847812
934,2004,TN,5910809
935,2005,TN,5991057
936,2006,TN,6088766
937,2007,TN,6175727
938,2008,TN,6247411
939,2009,TN,6306019
940,2000,TX,20944499
941,2001,TX,21319622
942,2002,TX,21690325
943,2003,TX,22030931
944,2004,TX,22394023
945,2005,TX,22778123
946,2006,TX,23359580
947,2007,TX,23831983
948,2008,TX,24309039
949,2009,TX,24801761
950,2000,UT,2244502
951,2001,UT,2283715
952,2002,UT,2324815
953,2003,UT,2360137
954,2004,UT,2401580
955,2005,UT,2457719
956,2006,UT,2525507
957,2007,UT,2597746
958,2008,UT,2663029
959,2009,UT,2723421
960,2000,VT,609618
961,2001,VT,612223
962,2002,VT,615442
963,2003,VT,617858
964,2004,VT,619920
965,2005,VT,621215
966,2006,VT,622892
967,2007,VT,623481
968,2008,VT,624151
969,2009,VT,624817
970,2000,VA,7105817
971,2001,VA,7198362
972,2002,VA,7286873
973,2003,VA,7366977
974,2004,VA,7475575
975,2005,VA,7577105
976,2006,VA,7673725
977,2007,VA,7751000
978,2008,VA,7833496
979,2009,VA,7925937
980,2000,WA,5910512
981,2001,WA,5985722
982,2002,WA,6052349
983,2003,WA,6104115
984,2004,WA,6178645
985,2005,WA,6257305
986,2006,WA,6370753
987,2007,WA,6461587
988,2008,WA,6562231
989,2009,WA,6667426
990,2000,WV,1807021
991,2001,WV,1801481
992,2002,WV,1805414
993,2003,WV,1812295
994,2004,WV,1816438
995,2005,WV,1820492
996,2006,WV,1827912
997,2007,WV,1834052
998,2008,WV,1840310
999,2009,WV,1847775
1000,2000,WI,5373999
1001,2001,WI,5406835
1002,2002,WI,5445162
1003,2003,WI,5479203
1004,2004,WI,5514026
1005,2005,WI,5546166
1006,2006,WI,5577655
1007,2007,WI,5610775
1008,2008,WI,5640996
1009,2009,WI,5669264
1010,2000,WY,494300
1011,2001,WY,494657
1012,2002,WY,500017
1013,2003,WY,503453
1014,2004,WY,509106
1015,2005,WY,514157
1016,2006,WY,522667
1017,2007,WY,534876
1018,2008,WY,546043
1019,2009,WY,559851
1020,2010,AL,4785437
1021,2011,AL,4799069
1022,2012,AL,4815588
1023,2013,AL,4830081
1024,2014,AL,4841799
1025,2015,AL,4852347
1026,2016,AL,4863525
1027,2017,AL,4874486
1028,2010,AK,713910
1029,2011,AK,722128
1030,2012,AK,730443
1031,2013,AK,737068
1032,2014,AK,736283
1033,2015,AK,737498
1034,2016,AK,741456
1035,2017,AK,739700
1036,2010,AZ,6407172
1037,2011,AZ,6472643
1038,2012,AZ,6554978
1039,2013,AZ,6632764
1040,2014,AZ,6730413
1041,2015,AZ,6829676
1042,2016,AZ,6941072
1043,2017,AZ,7044008
1044,2010,AR,2921964
1045,2011,AR,2940667
1046,2012,AR,2952164
1047,2013,AR,2959400
1048,2014,AR,2967392
1049,2015,AR,2978048
1050,2016,AR,2989918
1051,2017,AR,3001345
1052,2010,CA,37319502
1053,2011,CA,37638369
1054,2012,CA,37948800
1055,2013,CA,38260787
1056,2014,CA,38596972
1057,2015,CA,38918045
1058,2016,CA,39167117
1059,2017,CA,39358497
1060,2010,CO,5047349
1061,2011,CO,5121108
1062,2012,CO,5192647
1063,2013,CO,5269035
1064,2014,CO,5350101
1065,2015,CO,5450623
1066,2016,CO,5539215
1067,2017,CO,5611885
1068,2010,CT,3579114
1069,2011,CT,3588283
1070,2012,CT,3594547
1071,2013,CT,3594841
1072,2014,CT,3594524
1073,2015,CT,3587122
1074,2016,CT,3578141
1075,2017,CT,3573297
1076,2010,DE,899593
1077,2011,DE,907381
1078,2012,DE,915179
1079,2013,DE,923576
1080,2014,DE,932487
1081,2015,DE,941252
1082,2016,DE,948921
1083,2017,DE,956823
1084,2010,D.C,605226
1085,2011,D.C,619800
1086,2012,D.C,634924
1087,2013,D.C,650581
1088,2014,D.C,662328
1089,2015,D.C,675400
1090,2016,D.C,685815
1091,2017,D.C,694906
1092,2010,FL,18845537
1093,2011,FL,19053237
1094,2012,FL,19297822
1095,2013,FL,19545621
1096,2014,FL,19845911
1097,2015,FL,20209042
1098,2016,FL,20613477
1099,2017,FL,20963613
1100,2018,FL,21244317
1101,2019,FL,21477737
1102,2010,GA,9711881
1103,2011,GA,9802431
1104,2012,GA,9901430
1105,2013,GA,9972479
1106,2014,GA,10067278
1107,2015,GA,10178447
1108,2016,GA,10301890
1109,2017,GA,10410330
1110,2010,Hi,1363963
1111,2011,Hi,1379329
1112,2012,Hi,1394804
1113,2013,Hi,1408243
1114,2014,Hi,1414538
1115,2015,Hi,1422052
1116,2016,Hi,1427559
1117,2017,Hi,1424393
1118,2010,ID,1570746
1119,2011,ID,1583910
1120,2012,ID,1595324
1121,2013,ID,1611206
1122,2014,ID,1631112
1123,2015,ID,1651059
1124,2016,ID,1682380
1125,2017,ID,1717715
1126,2010,IL,12840503
1127,2011,IL,12867454
1128,2012,IL,12882510
1129,2013,IL,12895129
1130,2014,IL,12884493
1131,2015,IL,12858913
1132,2016,IL,12820527
1133,2017,IL,12778828
1134,2010,IN,6490432
1135,2011,IN,6516528
1136,2012,IN,6537703
1137,2013,IN,6568713
1138,2014,IN,6593644
1139,2015,IN,6608422
1140,2016,IN,6634304
1141,2017,IN,6658078
1142,2010,IA,3050745
1143,2011,IA,3066336
1144,2012,IA,3076190
1145,2013,IA,3092997
1146,2014,IA,3109350
1147,2015,IA,3120960
1148,2016,IA,3131371
1149,2017,IA,3141550
1150,2010,KS,2858190
1151,2011,KS,2869225
1152,2012,KS,2885257
1153,2013,KS,2893212
1154,2014,KS,2900475
1155,2015,KS,2909011
1156,2016,KS,2910844
1157,2017,KS,2908718
1158,2010,KY,4348181
1159,2011,KY,4369821
1160,2012,KY,4386346
1161,2013,KY,4404659
1162,2014,KY,4414349
1163,2015,KY,4425976
1164,2016,KY,4438182
1165,2017,KY,4452268
1166,2010,LA,4544532
1167,2011,LA,4575625
1168,2012,LA,4600972
1169,2013,LA,4624527
1170,2014,LA,4644013
1171,2015,LA,4664628
1172,2016,LA,4678135
1173,2017,LA,4670560
1174,2010,ME,1327629
1175,2011,ME,1328284
1176,2012,ME,1327729
1177,2013,ME,1328009
1178,2014,ME,1330513
1179,2015,ME,1328262
1180,2016,ME,1331317
1181,2017,ME,1334612
1182,2010,MD,5788645
1183,2011,MD,5839419
1184,2012,MD,5886992
1185,2013,MD,5923188
1186,2014,MD,5957283
1187,2015,MD,5985562
1188,2016,MD,6003323
1189,2017,MD,6023868
1190,2010,MA,6566307
1191,2011,MA,6613583
1192,2012,MA,6663005
1193,2013,MA,6713315
1194,2014,MA,6762596
1195,2015,MA,6794228
1196,2016,MA,6823608
1197,2017,MA,6859789
1198,2010,MI,9877510
1199,2011,MI,9882412
1200,2012,MI,9897145
1201,2013,MI,9913065
1202,2014,MI,9929848
1203,2015,MI,9931715
1204,2016,MI,9950571
1205,2017,MI,9973114
1206,2010,MN,5310828
1207,2011,MN,5346143
1208,2012,MN,5376643
1209,2013,MN,5413479
1210,2014,MN,5451079
1211,2015,MN,5482032
1212,2016,MN,5522744
1213,2017,MN,5566230
1214,2010,MS,2970548
1215,2011,MS,2978731
1216,2012,MS,2983816
1217,2013,MS,2988711
1218,2014,MS,2990468
1219,2015,MS,2988471
1220,2016,MS,2987938
1221,2017,MS,2988510
1222,2010,MO,5995974
1223,2011,MO,6010275
1224,2012,MO,6024367
1225,2013,MO,6040715
1226,2014,MO,6056202
1227,2015,MO,6071732
1228,2016,MO,6087135
1229,2017,MO,6106670
1230,2010,MT,990697
1231,2011,MT,997316
1232,2012,MT,1003783
1233,2013,MT,1013569
1234,2014,MT,1021869
1235,2015,MT,1030475
1236,2016,MT,1040859
1237,2017,MT,1052482
1238,2010,NE,1829542
1239,2011,NE,1840672
1240,2012,NE,1853303
1241,2013,NE,1865279
1242,2014,NE,1879321
1243,2015,NE,1891277
1244,2016,NE,1905616
1245,2017,NE,1915947
1246,2010,NV,2702405
1247,2011,NV,2712730
1248,2012,NV,2743996
1249,2013,NV,2775970
1250,2014,NV,2817628
1251,2015,NV,2866939
1252,2016,NV,2917563
1253,2017,NV,2969905
1254,2010,NH,1316762
1255,2011,NH,1320202
1256,2012,NH,1324232
1257,2013,NH,1326622
1258,2014,NH,1333341
1259,2015,NH,1336350
1260,2016,NH,1342307
1261,2017,NH,1348787
1262,2010,NJ,8799446
1263,2011,NJ,8828117
1264,2012,NJ,8844942
1265,2013,NJ,8856972
1266,2014,NJ,8864525
1267,2015,NJ,8867949
1268,2016,NJ,8870827
1269,2017,NJ,8885525
1270,2018,NJ,8886025
1271,2019,NJ,8882190
1272,2010,NM,2064552
1273,2011,NM,2080450
1274,2012,NM,2087309
1275,2013,NM,2092273
1276,2014,NM,2089568
1277,2015,NM,2089291
1278,2016,NM,2091630
1279,2017,NM,2091784
1280,2010,NY,19399878
1281,2011,NY,19499241
1282,2012,NY,19572932
1283,2013,NY,19624447
1284,2014,NY,19651049
1285,2015,NY,19654666
1286,2016,NY,19633428
1287,2017,NY,19589572
1288,2010,NC,9574323
1289,2011,NC,9657592
1290,2012,NC,9749476
1291,2013,NC,9843336
1292,2014,NC,9932887
1293,2015,NC,10031646
1294,2016,NC,10154788
1295,2017,NC,10268233
1296,2010,ND,674715
1297,2011,ND,685225
1298,2012,ND,701176
1299,2013,ND,722036
1300,2014,ND,737401
1301,2015,ND,754066
1302,2016,ND,754434
1303,2017,ND,754942
1304,2010,OH,11539336
1305,2011,OH,11544663
1306,2012,OH,11548923
1307,2013,OH,11576684
1308,2014,OH,11602700
1309,2015,OH,11617527
1310,2016,OH,11634370
1311,2017,OH,11659650
1312,2010,OK,3759944
1313,2011,OK,3788379
1314,2012,OK,3818814
1315,2013,OK,3853214
1316,2014,OK,3878187
1317,2015,OK,3909500
1318,2016,OK,3926331
1319,2017,OK,3931316
1320,2010,OR,3837491
1321,2011,OR,3872036
1322,2012,OR,3899001
1323,2013,OR,3922468
1324,2014,OR,3963244
1325,2015,OR,4015792
1326,2016,OR,4089976
1327,2017,OR,4143625
1328,2018,OR,4181886
1329,2019,OR,4217737
1330,2010,PA,12711160
1331,2011,PA,12745815
1332,2012,PA,12767118
1333,2013,PA,12776309
1334,2014,PA,12788313
1335,2015,PA,12784826
1336,2016,PA,12782275
1337,2017,PA,12787641
1338,2010,RI,1053959
1339,2011,RI,1053649
1340,2012,RI,1054621
1341,2013,RI,1055081
1342,2014,RI,1055936
1343,2015,RI,1056065
1344,2016,RI,1056770
1345,2017,RI,1055673
1346,2010,SC,4635649
1347,2011,SC,4671994
1348,2012,SC,4717354
1349,2013,SC,4764080
1350,2014,SC,4823617
1351,2015,SC,4891938
1352,2016,SC,4957968
1353,2017,SC,5021268
1354,2010,SD,816166
1355,2011,SD,823579
1356,2012,SD,833566
1357,2013,SD,842316
1358,2014,SD,849129
1359,2015,SD,853988
1360,2016,SD,862996
1361,2017,SD,872868
1362,2010,TN,6355311
1363,2011,TN,6399291
1364,2012,TN,6453898
1365,2013,TN,6494340
1366,2014,TN,6541223
1367,2015,TN,6591170
1368,2016,TN,6646010
1369,2017,TN,6708799
1370,2010,TX,25241971
1371,2011,TX,25645629
1372,2012,TX,26084481
1373,2013,TX,26480266
1374,2014,TX,26964333
1375,2015,TX,27470056
1376,2016,TX,27914410
1377,2017,TX,28295273
1378,2010,UT,2775332
1379,2011,UT,2814384
1380,2012,UT,2853375
1381,2013,UT,2897640
1382,2014,UT,2936879
1383,2015,UT,2981835
1384,2016,UT,3041868
1385,2017,UT,3101042
1386,2010,VT,625879
1387,2011,VT,627049
1388,2012,VT,626090
1389,2013,VT,626210
1390,2014,VT,625214
1391,2015,VT,625216
1392,2016,VT,623657
1393,2017,VT,624344
1394,2010,VA,8023699
1395,2011,VA,8101155
1396,2012,VA,8185080
1397,2013,VA,8252427
1398,2014,VA,8310993
1399,2015,VA,8361808
1400,2016,VA,8410106
1401,2017,VA,8463587
1402,2010,WA,6742830
1403,2011,WA,6826627
1404,2012,WA,6897058
1405,2013,WA,6963985
1406,2014,WA,7054655
1407,2015,WA,7163657
1408,2016,WA,7294771
1409,2017,WA,7423362
1410,2010,WV,1854239
1411,2011,WV,1856301
1412,2012,WV,1856872
1413,2013,WV,1853914
1414,2014,WV,1849489
1415,2015,WV,1842050
1416,2016,WV,1831023
1417,2017,WV,1817004
1418,2010,WI,5690475
1419,2011,WI,5705288
1420,2012,WI,5719960
1421,2013,WI,5736754
1422,2014,WI,5751525
1423,2015,WI,5760940
1424,2016,WI,5772628
1425,2017,WI,5790186
1426,2010,WY,564487
1427,2011,WY,567299
1428,2012,WY,576305
1429,2013,WY,582122
1430,2014,WY,582531
1431,2015,WY,585613
1432,2016,WY,584215
1433,2017,WY,578931
